gene,polyA_group,rep_coord,strand,chrom,avg_spliced_utr,avg_genomic_utr,num_transcirpts,transcript_ids,transcript_names,ig_label
IGHM,0,105854220,-,14,126.0,126.0,1,ENST00000390559,IGHM-201,Secreted
IGHM,1,105851705,-,14,264.0,264.0,1,ENST00000637539,IGHM-202,Membrane
IGHG1,0,105741338,-,14,137.5,137.5,2,ENST00000390549;ENST00000390542,IGHG1-203;IGHG1-201,Secreted
IGHG1,1,105736343,-,14,1422.0,1422.0,1,ENST00000390548,IGHG1-202,Membrane
IGHG2,0,105643068,-,14,138.0,138.0,1,ENST00000390545,IGHG2-201,Secreted
IGHG2,1,105639559,-,14,1409.0,1409.0,1,ENST00000641095,IGHG2-202,Membrane
IGHG3,0,105769102,-,14,138.0,138.0,1,ENST00000390551,IGHG3-201,Secreted
IGHG3,1,105764503,-,14,1414.0,1414.0,1,ENST00000641136,IGHG3-202,Membrane
IGHG4,0,105624341,-,14,138.0,138.0,1,ENST00000390543,IGHG4-201,Secreted
IGHG4,1,105620506,-,14,1409.0,1409.0,1,ENST00000641978,IGHG4-202,Membrane
IGHA1,0,105707118,-,14,53.0,53.0,1,ENST00000390547,IGHA1-201,Secreted
IGHA1,1,105703995,-,14,396.0,396.0,1,ENST00000641837,IGHA1-202,Membrane
IGHA2,0,105586889,-,14,51.0,51.0,1,ENST00000390539,IGHA2-201,Secreted
IGHA2,1,105583731,-,14,426.0,426.0,1,ENST00000497872,IGHA2-202,Membrane
IGHE,0,105599941,-,14,128.0,128.0,1,ENST00000390541,IGHE-201,Secreted
IGHE,1,105597691,-,14,3.0,3.0,1,ENST00000641420,IGHE-202,Membrane
CD79A,0,41880980,+,19,56.5,56.5,2,ENST00000444740;ENST00000597454,CD79A-202;CD79A-203,N/A
CD79A,1,41881372,+,19,395.0,395.0,1,ENST00000221972,CD79A-201,N/A
CD79B,0,63931891,-,17,0.0,0.0,1,ENST00000583260,CD79B-206,N/A
CD79B,1,63930960,-,17,0.0,0.0,1,ENST00000558969,CD79B-204,N/A
CD79B,2,63929226,-,17,3.0,3.0,1,ENST00000349817,CD79B-202,N/A
CD79B,3,63928744,-,17,488.5,488.5,6,ENST00000698624;ENST00000903736;ENST00000006750;ENST00000392795;ENST00000920712;ENST00000559358,CD79B-207;CD79B-208;CD79B-201;CD79B-203;CD79B-209;CD79B-205,N/A
CD19,0,28933641,+,16,0.0,0.0,1,ENST00000566890,CD19-204,N/A
CD19,1,28939218,+,16,0.0,0.0,1,ENST00000567368,CD19-205,N/A
CD19,2,28939341,+,16,381.0,381.0,3,ENST00000324662;ENST00000538922;ENST00000565089,CD19-201;CD19-202;CD19-203,N/A
CD22,0,35329919,+,19,0.0,0.0,2,ENST00000599799;ENST00000594954,CD22-222;CD22-211,N/A
CD22,1,35332830,+,19,0.0,0.0,1,ENST00000598537,CD22-219,N/A
CD22,2,35332921,+,19,0.0,0.0,2,ENST00000595780;ENST00000595419,CD22-213;CD22-212,N/A
CD22,3,35333090,+,19,0.0,0.0,1,ENST00000602224,CD22-233,N/A
CD22,4,35336052,+,19,0.0,0.0,2,ENST00000597916;ENST00000600131,CD22-216;CD22-224,N/A
CD22,5,35336171,+,19,3477.0,3477.0,5,ENST00000599717;ENST00000596492;ENST00000601414;ENST00000598138;ENST00000600905,CD22-221;CD22-214;CD22-229;CD22-218;CD22-227,N/A
CD22,6,35336300,+,19,0.0,0.0,1,ENST00000593867,CD22-207,N/A
CD22,7,35336661,+,19,150.0,150.0,1,ENST00000613136,CD22-234,N/A
CD22,8,35337807,+,19,0.0,0.0,1,ENST00000601732,CD22-230,N/A
CD22,9,35337977,+,19,0.0,0.0,1,ENST00000598028,CD22-217,N/A
CD22,10,35338170,+,19,1855.0,1855.0,1,ENST00000594349,CD22-210,N/A
CD22,11,35338413,+,19,0.0,0.0,1,ENST00000601329,CD22-228,N/A
CD22,12,35340955,+,19,0.0,0.0,2,ENST00000600424;ENST00000599811,CD22-225;CD22-223,N/A
CD22,13,35341029,+,19,0.0,0.0,1,ENST00000597433,CD22-215,N/A
CD22,14,35341724,+,19,0.0,0.0,1,ENST00000598815,CD22-220,N/A
CD22,15,35341863,+,19,0.0,0.0,2,ENST00000600655;ENST00000602123,CD22-226;CD22-232,N/A
CD22,16,35345126,+,19,3989.0,3989.0,1,ENST00000594125,CD22-208,N/A
CD22,17,35345424,+,19,0.0,0.0,1,ENST00000593704,CD22-206,N/A
CD22,18,35346766,+,19,72.0,72.0,1,ENST00000594250,CD22-209,N/A
CD22,19,35346941,+,19,413.67,413.67,3,ENST00000419549;ENST00000544992;ENST00000948629,CD22-203;CD22-205;CD22-240,N/A
CD22,20,35347266,+,19,10951.0,10951.0,1,ENST00000601769,CD22-231,N/A
CD22,21,35347358,+,19,664.5,664.5,8,ENST00000341773;ENST00000536635;ENST00000884225;ENST00000884228;ENST00000918678;ENST00000085219;ENST00000884226;ENST00000884227,CD22-202;CD22-204;CD22-235;CD22-238;CD22-239;CD22-201;CD22-236;CD22-237,N/A
MS4A1,0,60462393,+,11,0.0,0.0,1,ENST00000532491,MS4A1-208,N/A
MS4A1,1,60463805,+,11,0.0,0.0,1,ENST00000527101,MS4A1-203,N/A
MS4A1,2,60464312,+,11,0.0,0.0,1,ENST00000534503,MS4A1-210,N/A
MS4A1,3,60465944,+,11,0.0,0.0,1,ENST00000533306,MS4A1-209,N/A
MS4A1,4,60468269,+,11,0.0,0.0,1,ENST00000530482,MS4A1-205,N/A
MS4A1,5,60468331,+,11,0.0,0.0,1,ENST00000532418,MS4A1-207,N/A
MS4A1,6,60468892,+,11,427.0,427.0,1,ENST00000528313,MS4A1-204,N/A
MS4A1,7,60469181,+,11,716.0,716.0,1,ENST00000904594,MS4A1-214,N/A
MS4A1,8,60470046,+,11,1581.75,1581.75,4,ENST00000674194;ENST00000904593;ENST00000532073;ENST00000966396,MS4A1-212;MS4A1-213;MS4A1-206;MS4A1-215,N/A
MS4A1,9,60470752,+,11,2287.0,2287.0,3,ENST00000345732;ENST00000389939;ENST00000534668,MS4A1-201;MS4A1-202;MS4A1-211,N/A
IL2RA,0,6039400,-,10,0.0,0.0,1,ENST00000644262,IL2RA-205,N/A
IL2RA,1,6012821,-,10,54.0,54.0,2,ENST00000256876;ENST00000697424,IL2RA-201;IL2RA-207,N/A
IL2RA,2,6012683,-,10,192.0,192.0,1,ENST00000447847,IL2RA-204,N/A
IL2RA,3,6012071,-,10,804.0,804.0,1,ENST00000379954,IL2RA-202,N/A
IL2RA,4,6010702,-,10,2186.0,2186.0,2,ENST00000379959;ENST00000649218,IL2RA-203;IL2RA-206,N/A
IL6R,0,154434583,+,1,0.0,0.0,1,ENST00000512471,IL6R-206,N/A
IL6R,1,154438084,+,1,543.0,543.0,1,ENST00000622330,IL6R-208,N/A
IL6R,2,154449979,+,1,0.0,0.0,1,ENST00000476006,IL6R-203,N/A
IL6R,3,154454583,+,1,0.0,0.0,1,ENST00000515190,IL6R-207,N/A
IL6R,4,154465248,+,1,0.0,0.0,1,ENST00000502679,IL6R-204,N/A
IL6R,5,154465314,+,1,0.0,0.0,1,ENST00000507256,IL6R-205,N/A
IL6R,6,154466861,+,1,1505.9,1505.9,10,ENST00000858507;ENST00000858508;ENST00000858509;ENST00000858510;ENST00000858512;ENST00000954333;ENST00000344086;ENST00000858505;ENST00000858506;ENST00000858511,IL6R-211;IL6R-212;IL6R-213;IL6R-214;IL6R-216;IL6R-217;IL6R-201;IL6R-209;IL6R-210;IL6R-215,N/A
IL6R,7,154469450,+,1,4073.0,4073.0,1,ENST00000368485,IL6R-202,N/A
IL7R,0,35860937,+,5,0.0,0.0,2,ENST00000515665;ENST00000508941,IL7R-210;IL7R-205,N/A
IL7R,1,35867465,+,5,0.0,0.0,1,ENST00000511031,IL7R-207,N/A
IL7R,2,35867610,+,5,76.0,76.0,1,ENST00000511982,IL7R-208,N/A
IL7R,3,35875521,+,5,0.0,0.0,1,ENST00000509668,IL7R-206,N/A
IL7R,4,35875722,+,5,134.0,134.0,1,ENST00000506850,IL7R-204,N/A
IL7R,5,35876434,+,5,0.0,0.0,1,ENST00000505875,IL7R-203,N/A
IL7R,6,35876567,+,5,1053.0,1053.0,1,ENST00000514217,IL7R-209,N/A
IL7R,7,35876730,+,5,495.5,495.5,2,ENST00000505093;ENST00000877114,IL7R-202;IL7R-211,N/A
IL7R,8,35879603,+,5,3120.0,3120.0,1,ENST00000303115,IL7R-201,N/A
TNFRSF1A,0,6333920,-,12,0.0,0.0,1,ENST00000538363,TNFRSF1A-210,N/A
TNFRSF1A,1,6333458,-,12,0.0,0.0,1,ENST00000536194,TNFRSF1A-208,N/A
TNFRSF1A,2,6333066,-,12,780.0,780.0,1,ENST00000543048,TNFRSF1A-213,N/A
TNFRSF1A,3,6330442,-,12,0.0,0.0,1,ENST00000539372,TNFRSF1A-211,N/A
TNFRSF1A,4,6329994,-,12,0.0,0.0,1,ENST00000535038,TNFRSF1A-206,N/A
TNFRSF1A,5,6329868,-,12,0.0,0.0,1,ENST00000537842,TNFRSF1A-209,N/A
TNFRSF1A,6,6329237,-,12,78.0,78.0,1,ENST00000540022,TNFRSF1A-212,N/A
TNFRSF1A,7,6329145,-,12,4284.0,4284.0,1,ENST00000543995,TNFRSF1A-214,N/A
TNFRSF1A,8,6328780,-,12,1570.57,1570.57,17,ENST00000534885;ENST00000898688;ENST00000947892;ENST00000162749;ENST00000898687;ENST00000947893;ENST00000898686;ENST00000898689;ENST00000947891;ENST00000366159;ENST00000437813;ENST00000440083;ENST00000535958;ENST00000698337;ENST00000698338;ENST00000698339;ENST00000698340,TNFRSF1A-205;TNFRSF1A-221;TNFRSF1A-224;TNFRSF1A-201;TNFRSF1A-220;TNFRSF1A-225;TNFRSF1A-219;TNFRSF1A-222;TNFRSF1A-223;TNFRSF1A-202;TNFRSF1A-203;TNFRSF1A-204;TNFRSF1A-207;TNFRSF1A-215;TNFRSF1A-216;TNFRSF1A-217;TNFRSF1A-218,N/A
TNFRSF1B,0,12192358,+,1,3.0,3.0,1,ENST00000536782,TNFRSF1B-204,N/A
TNFRSF1B,1,12193008,+,1,0.0,0.0,1,ENST00000489921,TNFRSF1B-202,N/A
TNFRSF1B,2,12207746,+,1,729.0,729.0,1,ENST00000941758,TNFRSF1B-214,N/A
TNFRSF1B,3,12207924,+,1,907.0,907.0,3,ENST00000857303;ENST00000857304;ENST00000941757,TNFRSF1B-208;TNFRSF1B-209;TNFRSF1B-213,N/A
TNFRSF1B,4,12209221,+,1,2203.29,2203.29,8,ENST00000941756;ENST00000857301;ENST00000941755;ENST00000376259;ENST00000857302;ENST00000941754;ENST00000857300;ENST00000492361,TNFRSF1B-212;TNFRSF1B-206;TNFRSF1B-211;TNFRSF1B-201;TNFRSF1B-207;TNFRSF1B-210;TNFRSF1B-205;TNFRSF1B-203,N/A
TGFBR1,0,99149341,+,9,39.0,39.0,1,ENST00000550253,TGFBR1-208,N/A
TGFBR1,1,99149448,+,9,2018.5,2018.5,2,ENST00000548365;ENST00000549021,TGFBR1-205;TGFBR1-206,N/A
TGFBR1,2,99149528,+,9,1868.0,1868.0,1,ENST00000549766,TGFBR1-207,N/A
TGFBR1,3,99149580,+,9,19527.0,19527.0,1,ENST00000698942,TGFBR1-212,N/A
TGFBR1,4,99151356,+,9,2049.0,2049.0,2,ENST00000698941;ENST00000698943,TGFBR1-211;TGFBR1-213,N/A
TGFBR1,5,99153654,+,9,14475.2,14475.2,15,ENST00000714347;ENST00000714351;ENST00000714349;ENST00000971225;ENST00000374990;ENST00000714346;ENST00000714350;ENST00000858564;ENST00000937286;ENST00000937287;ENST00000937288;ENST00000714348;ENST00000552516;ENST00000858563;ENST00000714345,TGFBR1-216;TGFBR1-220;TGFBR1-218;TGFBR1-227;TGFBR1-201;TGFBR1-215;TGFBR1-219;TGFBR1-222;TGFBR1-224;TGFBR1-225;TGFBR1-226;TGFBR1-217;TGFBR1-209;TGFBR1-221;TGFBR1-214,N/A
TGFBR1,6,99154192,+,9,4890.0,4890.0,5,ENST00000374994;ENST00000546584;ENST00000547314;ENST00000552573;ENST00000937285,TGFBR1-202;TGFBR1-203;TGFBR1-204;TGFBR1-210;TGFBR1-223,N/A
TGFBR2,0,30650457,+,3,0.0,0.0,1,ENST00000673250,TGFBR2-206,N/A
TGFBR2,1,30691926,+,3,0.0,0.0,1,ENST00000672050,TGFBR2-203,N/A
TGFBR2,2,30692486,+,3,890.0,890.0,2,ENST00000894724;ENST00000941789,TGFBR2-211;TGFBR2-213,N/A
TGFBR2,3,30693820,+,3,0.0,0.0,1,ENST00000673203,TGFBR2-205,N/A
TGFBR2,4,30694119,+,3,10308.83,10308.83,7,ENST00000672866;ENST00000714391;ENST00000941788;ENST00000714392;ENST00000714389;ENST00000295754;ENST00000359013,TGFBR2-204;TGFBR2-209;TGFBR2-212;TGFBR2-210;TGFBR2-207;TGFBR2-201;TGFBR2-202,N/A
TGFBR2,5,30694249,+,3,2653.0,2653.0,1,ENST00000714390,TGFBR2-208,N/A
TNFSF10,0,172517355,-,3,0.0,0.0,1,ENST00000466777,TNFSF10-204,N/A
TNFSF10,1,172511445,-,3,0.0,0.0,1,ENST00000472804,TNFSF10-205,N/A
TNFSF10,2,172509146,-,3,0.0,0.0,1,ENST00000494851,TNFSF10-206,N/A
TNFSF10,3,172507284,-,3,2014.0,2014.0,1,ENST00000430881,TNFSF10-203,N/A
TNFSF10,4,172506404,-,3,91.0,91.0,2,ENST00000855871;ENST00000855872,TNFSF10-210;TNFSF10-211,N/A
TNFSF10,5,172505668,-,3,1023.0,1023.0,2,ENST00000420541;ENST00000855870,TNFSF10-202;TNFSF10-209,N/A
TNFSF10,6,172505513,-,3,981.5,981.5,4,ENST00000241261;ENST00000855868;ENST00000967485;ENST00000855869,TNFSF10-201;TNFSF10-207;TNFSF10-212;TNFSF10-208,N/A
TNFSF13,0,7560383,+,17,0.0,0.0,2,ENST00000436057;ENST00000438470,TNFSF13-206;TNFSF13-207,N/A
TNFSF13,1,7560836,+,17,6.5,6.5,2,ENST00000396542;ENST00000625791,TNFSF13-204;TNFSF13-209,N/A
TNFSF13,2,7561292,+,17,462.0,462.0,1,ENST00000483039,TNFSF13-208,N/A
TNFSF13,3,7561602,+,17,729.5,729.5,4,ENST00000349228;ENST00000338784;ENST00000396545;ENST00000380535,TNFSF13-202;TNFSF13-201;TNFSF13-205;TNFSF13-203,N/A
TNFSF13B,0,108270417,+,13,0.0,0.0,1,ENST00000486502,TNFSF13B-204,N/A
TNFSF13B,1,108303467,+,13,3.0,3.0,1,ENST00000542136,TNFSF13B-206,N/A
TNFSF13B,2,108303604,+,13,0.0,0.0,1,ENST00000479435,TNFSF13B-203,N/A
TNFSF13B,3,108307033,+,13,0.0,0.0,1,ENST00000493765,TNFSF13B-205,N/A
TNFSF13B,4,108308481,+,13,1546.0,1546.0,2,ENST00000375887;ENST00000430559,TNFSF13B-201;TNFSF13B-202,N/A
FASLG,0,172666075,+,1,1709.0,1709.0,1,ENST00000340030,FASLG-201,N/A
FASLG,1,172666873,+,1,860.0,860.0,2,ENST00000875216;ENST00000367721,FASLG-203;FASLG-202,N/A
ICOSLG,0,44232390,-,21,2859.0,2859.0,1,ENST00000700361,ICOSLG-217,N/A
ICOSLG,1,44230054,-,21,0.0,0.0,1,ENST00000700360,ICOSLG-216,N/A
ICOSLG,2,44228942,-,21,7948.0,7948.0,1,ENST00000700359,ICOSLG-215,N/A
ICOSLG,3,44228526,-,21,511.0,511.0,1,ENST00000867615,ICOSLG-219,N/A
ICOSLG,4,44227475,-,21,6527.0,6527.0,6,ENST00000700353;ENST00000700354;ENST00000700355;ENST00000700356;ENST00000700357;ENST00000700358,ICOSLG-209;ICOSLG-210;ICOSLG-211;ICOSLG-212;ICOSLG-213;ICOSLG-214,N/A
ICOSLG,5,44226838,-,21,4236.8,4236.8,6,ENST00000400377;ENST00000400379;ENST00000700350;ENST00000700351;ENST00000867614;ENST00000700352,ICOSLG-202;ICOSLG-203;ICOSLG-206;ICOSLG-207;ICOSLG-218;ICOSLG-208,N/A
ICOSLG,6,44222991,-,21,6046.0,6046.0,1,ENST00000407780,ICOSLG-204,N/A
ICOSLG,7,44222694,-,21,356.0,356.0,1,ENST00000344330,ICOSLG-201,N/A
ICOSLG,8,44215382,-,21,2678.0,2678.0,1,ENST00000643466,ICOSLG-205,N/A
CD274,0,5463238,+,9,0.0,0.0,1,ENST00000474218,CD274-203,N/A
CD274,1,5465912,+,9,0.0,0.0,1,ENST00000492923,CD274-204,N/A
CD274,2,5467866,+,9,0.0,0.0,1,ENST00000498261,CD274-205,N/A
CD274,3,5470560,+,9,2701.0,2701.0,2,ENST00000381577;ENST00000381573,CD274-202;CD274-201,N/A
CD44,0,35177110,+,11,369.0,369.0,1,ENST00000526025,CD44-222,N/A
CD44,1,35190429,+,11,0.0,0.0,1,ENST00000531118,CD44-232,N/A
CD44,2,35198555,+,11,0.0,0.0,1,ENST00000528922,CD44-230,N/A
CD44,3,35200636,+,11,0.0,0.0,1,ENST00000525209,CD44-213,N/A
CD44,4,35201750,+,11,0.0,0.0,3,ENST00000525348;ENST00000524922;ENST00000528455,CD44-217;CD44-212;CD44-228,N/A
CD44,5,35204811,+,11,0.0,0.0,1,ENST00000525241,CD44-215,N/A
CD44,6,35204909,+,11,0.0,0.0,1,ENST00000534296,CD44-238,N/A
CD44,7,35206047,+,11,0.0,0.0,1,ENST00000534082,CD44-237,N/A
CD44,8,35208150,+,11,0.0,0.0,2,ENST00000525211;ENST00000532339,CD44-214;CD44-235,N/A
CD44,9,35209971,+,11,0.0,0.0,2,ENST00000527889;ENST00000528086,CD44-226;CD44-227,N/A
CD44,10,35211255,+,11,0.0,0.0,2,ENST00000526553;ENST00000525685,CD44-223;CD44-219,N/A
CD44,11,35211320,+,11,0.0,0.0,3,ENST00000531110;ENST00000531873;ENST00000533222,CD44-231;CD44-234;CD44-236,N/A
CD44,12,35211401,+,11,0.0,0.0,1,ENST00000528672,CD44-229,N/A
CD44,13,35214861,+,11,0.0,0.0,1,ENST00000526000,CD44-221,N/A
CD44,14,35221723,+,11,0.0,0.0,2,ENST00000525293;ENST00000531141,CD44-216;CD44-233,N/A
CD44,15,35223320,+,11,945.0,945.0,1,ENST00000442151,CD44-211,N/A
CD44,16,35229164,+,11,0.0,0.0,1,ENST00000525688,CD44-220,N/A
CD44,17,35229244,+,11,0.0,0.0,1,ENST00000278385,CD44-202,N/A
CD44,18,35229329,+,11,17.33,17.33,3,ENST00000279452;ENST00000278386;ENST00000352818,CD44-204;CD44-203;CD44-205,N/A
CD44,19,35229465,+,11,136.82,136.82,18,ENST00000527326;ENST00000526669;ENST00000969377;ENST00000969372;ENST00000969373;ENST00000969374;ENST00000969375;ENST00000969376;ENST00000969370;ENST00000969371;ENST00000415148;ENST00000904023;ENST00000969365;ENST00000969367;ENST00000969368;ENST00000969369;ENST00000969366;ENST00000904022,CD44-225;CD44-224;CD44-299;CD44-294;CD44-295;CD44-296;CD44-297;CD44-298;CD44-292;CD44-293;CD44-206;CD44-252;CD44-287;CD44-289;CD44-290;CD44-291;CD44-288;CD44-251,N/A
CD44,20,35229669,+,11,339.33,339.33,3,ENST00000434472;ENST00000904020;ENST00000904021,CD44-210;CD44-249;CD44-250,N/A
CD44,21,35229789,+,11,459.0,459.0,1,ENST00000525469,CD44-218,N/A
CD44,22,35230022,+,11,2392.6,2392.6,25,ENST00000969364;ENST00000969362;ENST00000969363;ENST00000969360;ENST00000969361;ENST00000969357;ENST00000969358;ENST00000969359;ENST00000904019;ENST00000969347;ENST00000969348;ENST00000969349;ENST00000969351;ENST00000969352;ENST00000969353;ENST00000969354;ENST00000969355;ENST00000969356;ENST00000425428;ENST00000433892;ENST00000904018;ENST00000969345;ENST00000969346;ENST00000969350;ENST00000935511,CD44-286;CD44-284;CD44-285;CD44-282;CD44-283;CD44-279;CD44-280;CD44-281;CD44-248;CD44-269;CD44-270;CD44-271;CD44-273;CD44-274;CD44-275;CD44-276;CD44-277;CD44-278;CD44-207;CD44-209;CD44-247;CD44-267;CD44-268;CD44-272;CD44-253,N/A
CD44,23,35230938,+,11,1608.0,1608.0,1,ENST00000969344,CD44-266,N/A
CD44,24,35232394,+,11,3064.5,3064.5,22,ENST00000904011;ENST00000969333;ENST00000969332;ENST00000969343;ENST00000969342;ENST00000969340;ENST00000969341;ENST00000904016;ENST00000904017;ENST00000969337;ENST00000969338;ENST00000969339;ENST00000904015;ENST00000969336;ENST00000904010;ENST00000904014;ENST00000969334;ENST00000263398;ENST00000428726;ENST00000904012;ENST00000904013;ENST00000969335,CD44-240;CD44-255;CD44-254;CD44-265;CD44-264;CD44-262;CD44-263;CD44-245;CD44-246;CD44-259;CD44-260;CD44-261;CD44-244;CD44-258;CD44-239;CD44-243;CD44-256;CD44-201;CD44-208;CD44-241;CD44-242;CD44-257,N/A
CD47,0,108059457,-,3,0.0,0.0,1,ENST00000644850,CD47-206,N/A
CD47,1,108047075,-,3,215.6,215.6,10,ENST00000887589;ENST00000887592;ENST00000920144;ENST00000887590;ENST00000398258;ENST00000517766;ENST00000887593;ENST00000887591;ENST00000960414;ENST00000960415,CD47-211;CD47-214;CD47-216;CD47-212;CD47-203;CD47-205;CD47-215;CD47-213;CD47-217;CD47-218,N/A
CD47,2,108045560,-,3,1731.0,1731.0,1,ENST00000887588,CD47-210,N/A
CD47,3,108044908,-,3,2383.0,2383.0,1,ENST00000887587,CD47-209,N/A
CD47,4,108043630,-,3,3661.0,3661.0,1,ENST00000887586,CD47-208,N/A
CD47,5,108043298,-,3,0.0,0.0,1,ENST00000471694,CD47-204,N/A
CD47,6,108043093,-,3,4196.33,4196.33,3,ENST00000355354;ENST00000361309;ENST00000887585,CD47-201;CD47-202;CD47-207,N/A
CD55,0,207327546,+,1,0.0,0.0,1,ENST00000695830,CD55-222,N/A
CD55,1,207332223,+,1,0.0,0.0,1,ENST00000695829,CD55-221,N/A
CD55,2,207336788,+,1,0.0,0.0,1,ENST00000343420,CD55-202,N/A
CD55,3,207337659,+,1,0.0,0.0,1,ENST00000488171,CD55-208,N/A
CD55,4,207340748,+,1,484.67,484.67,3,ENST00000695828;ENST00000695824;ENST00000367063,CD55-220;CD55-216;CD55-203,N/A
CD55,5,207359713,+,1,106.0,106.0,2,ENST00000391921;ENST00000465534,CD55-205;CD55-206,N/A
CD55,6,207359876,+,1,5799.0,5799.0,1,ENST00000644836,CD55-212,N/A
CD55,7,207360336,+,1,10749.0,10749.0,2,ENST00000645323;ENST00000695825,CD55-213;CD55-217,N/A
CD55,8,207360406,+,1,795.0,795.0,3,ENST00000695831;ENST00000695823;ENST00000695827,CD55-223;CD55-215;CD55-219,N/A
CD55,9,207360500,+,1,887.11,887.11,10,ENST00000945382;ENST00000945383;ENST00000945381;ENST00000314754;ENST00000945376;ENST00000945379;ENST00000476590;ENST00000945377;ENST00000945378;ENST00000945380,CD55-233;CD55-234;CD55-232;CD55-201;CD55-227;CD55-230;CD55-207;CD55-228;CD55-229;CD55-231,N/A
CD55,10,207360962,+,1,1355.0,1355.0,3,ENST00000945375;ENST00000945374;ENST00000367064,CD55-226;CD55-225;CD55-204,N/A
CD55,11,207363544,+,1,3937.0,3937.0,1,ENST00000945373,CD55-224,N/A
CD55,12,207365940,+,1,0.0,0.0,1,ENST00000695822,CD55-214,N/A
CD55,13,207373114,+,1,341.0,341.0,1,ENST00000695826,CD55-218,N/A
CD55,14,207373249,+,1,1441.0,1441.0,2,ENST00000618707;ENST00000635614,CD55-209;CD55-211,N/A
CD55,15,207386804,+,1,1569.0,1569.0,1,ENST00000634386,CD55-210,N/A
CD59,0,33710153,-,11,0.0,0.0,1,ENST00000528700,CD59-208,N/A
CD59,1,33710099,-,11,179.0,179.0,1,ENST00000643183,CD59-212,N/A
CD59,2,33709996,-,11,132.33,132.33,3,ENST00000969480;ENST00000351554;ENST00000527577,CD59-231;CD59-201;CD59-207,N/A
CD59,3,33709929,-,11,200.0,200.0,1,ENST00000437761,CD59-205,N/A
CD59,4,33709798,-,11,331.0,331.0,1,ENST00000445143,CD59-206,N/A
CD59,5,33709635,-,11,494.0,494.0,1,ENST00000415002,CD59-203,N/A
CD59,6,33709556,-,11,722.0,722.0,1,ENST00000533403,CD59-210,N/A
CD59,7,33709454,-,11,1423.0,1423.0,2,ENST00000652086;ENST00000426650,CD59-215;CD59-204,N/A
CD59,8,33708867,-,11,1261.71,1261.71,8,ENST00000873808;ENST00000873804;ENST00000873806;ENST00000873805;ENST00000528987;ENST00000873807;ENST00000969479;ENST00000969476,CD59-225;CD59-221;CD59-223;CD59-222;CD59-209;CD59-224;CD59-230;CD59-227,N/A
CD59,9,33708704,-,11,2173.22,2173.22,9,ENST00000969478;ENST00000873802;ENST00000873801;ENST00000969477;ENST00000938901;ENST00000969481;ENST00000395850;ENST00000651485;ENST00000873803,CD59-229;CD59-219;CD59-218;CD59-228;CD59-226;CD59-232;CD59-202;CD59-213;CD59-220,N/A
CD59,10,33703010,-,11,7155.75,7155.75,4,ENST00000642928;ENST00000651785;ENST00000706436;ENST00000652678,CD59-211;CD59-214;CD59-217;CD59-216,N/A
CD276,0,73702330,+,15,0.0,0.0,1,ENST00000561416,CD276-215,N/A
CD276,1,73702497,+,15,0.0,0.0,1,ENST00000563584,CD276-216,N/A
CD276,2,73702577,+,15,0.0,0.0,3,ENST00000560995;ENST00000567189;ENST00000558689,CD276-211;CD276-218;CD276-205,N/A
CD276,3,73702835,+,15,0.0,0.0,2,ENST00000560786;ENST00000561260,CD276-209;CD276-214,N/A
CD276,4,73702952,+,15,538.0,538.0,1,ENST00000567582,CD276-219,N/A
CD276,5,73708689,+,15,0.0,0.0,1,ENST00000557951,CD276-204,N/A
CD276,6,73712154,+,15,967.0,967.0,1,ENST00000561213,CD276-213,N/A
CD276,7,73712977,+,15,24.0,24.0,2,ENST00000564751;ENST00000561176,CD276-217;CD276-212,N/A
CD276,8,73713192,+,15,239.0,239.0,1,ENST00000953234,CD276-244,N/A
CD276,9,73713580,+,15,11166.0,11166.0,1,ENST00000560928,CD276-210,N/A
CD276,10,73713677,+,15,724.0,724.0,1,ENST00000537340,CD276-203,N/A
CD276,11,73714053,+,15,0.0,0.0,1,ENST00000559978,CD276-208,N/A
CD276,12,73714513,+,15,1560.41,1560.41,28,ENST00000864260;ENST00000318424;ENST00000953229;ENST00000953230;ENST00000953232;ENST00000953233;ENST00000318443;ENST00000559073;ENST00000559465;ENST00000864254;ENST00000864255;ENST00000864257;ENST00000864258;ENST00000864261;ENST00000921503;ENST00000921504;ENST00000921505;ENST00000921506;ENST00000921507;ENST00000921508;ENST00000921509;ENST00000921512;ENST00000921510;ENST00000953231;ENST00000864259;ENST00000921511;ENST00000864253;ENST00000864256,CD276-227;CD276-201;CD276-239;CD276-240;CD276-242;CD276-243;CD276-202;CD276-206;CD276-207;CD276-221;CD276-222;CD276-224;CD276-225;CD276-228;CD276-229;CD276-230;CD276-231;CD276-232;CD276-233;CD276-234;CD276-235;CD276-238;CD276-236;CD276-241;CD276-226;CD276-237;CD276-220;CD276-223,N/A
ICAM1,0,10283586,+,19,0.0,0.0,1,ENST00000585443,ICAM1-203,N/A
ICAM1,1,10283753,+,19,0.0,0.0,1,ENST00000588645,ICAM1-204,N/A
ICAM1,2,10284098,+,19,0.0,0.0,1,ENST00000592686,ICAM1-205,N/A
ICAM1,3,10285583,+,19,299.0,299.0,1,ENST00000423829,ICAM1-202,N/A
ICAM1,4,10285868,+,19,584.0,584.0,1,ENST00000902798,ICAM1-206,N/A
ICAM1,5,10286614,+,19,1330.5,1330.5,2,ENST00000935832;ENST00000264832,ICAM1-207;ICAM1-201,N/A
ICAM2,0,64005939,-,17,0.0,0.0,1,ENST00000583186,ICAM2-212,N/A
ICAM2,1,64004927,-,17,0.0,0.0,1,ENST00000580389,ICAM2-210,N/A
ICAM2,2,64004255,-,17,0.0,0.0,1,ENST00000580011,ICAM2-209,N/A
ICAM2,3,64003870,-,17,0.0,0.0,1,ENST00000584403,ICAM2-216,N/A
ICAM2,4,64003793,-,17,0.0,0.0,1,ENST00000584084,ICAM2-215,N/A
ICAM2,5,64003646,-,17,0.0,0.0,2,ENST00000578313;ENST00000583366,ICAM2-204;ICAM2-213,N/A
ICAM2,6,64002599,-,17,223.88,223.88,17,ENST00000578379;ENST00000578892;ENST00000583684;ENST00000449662;ENST00000579788;ENST00000852957;ENST00000852958;ENST00000412356;ENST00000418105;ENST00000965113;ENST00000965114;ENST00000965116;ENST00000965118;ENST00000965115;ENST00000965117;ENST00000579687;ENST00000581417,ICAM2-205;ICAM2-206;ICAM2-214;ICAM2-203;ICAM2-208;ICAM2-217;ICAM2-218;ICAM2-201;ICAM2-202;ICAM2-219;ICAM2-220;ICAM2-222;ICAM2-224;ICAM2-221;ICAM2-223;ICAM2-207;ICAM2-211,N/A
ICAM3,0,10338724,-,19,0.0,0.0,1,ENST00000589580,ICAM3-206,N/A
ICAM3,1,10335967,-,19,0.0,0.0,1,ENST00000589249,ICAM3-204,N/A
ICAM3,2,10335889,-,19,0.0,0.0,1,ENST00000590569,ICAM3-208,N/A
ICAM3,3,10335146,-,19,3617.0,3617.0,1,ENST00000585439,ICAM3-202,N/A
ICAM3,4,10333975,-,19,0.0,0.0,1,ENST00000592439,ICAM3-209,N/A
ICAM3,5,10333776,-,19,217.5,217.5,9,ENST00000160262;ENST00000587992;ENST00000589900;ENST00000706691;ENST00000912542;ENST00000706692;ENST00000592945;ENST00000706693;ENST00000589261,ICAM3-201;ICAM3-203;ICAM3-207;ICAM3-211;ICAM3-214;ICAM3-212;ICAM3-210;ICAM3-213;ICAM3-205,N/A
ICAM4,0,10288515,+,19,457.0,457.0,4,ENST00000340992;ENST00000929145;ENST00000380770;ENST00000393717,ICAM4-201;ICAM4-204;ICAM4-202;ICAM4-203,N/A
ICAM5,0,10290920,+,19,0.0,0.0,1,ENST00000588912,ICAM5-205,N/A
ICAM5,1,10291727,+,19,0.0,0.0,2,ENST00000586004;ENST00000587398,ICAM5-202;ICAM5-204,N/A
ICAM5,2,10296776,+,19,163.67,163.67,3,ENST00000586480;ENST00000948402;ENST00000221980,ICAM5-203;ICAM5-206;ICAM5-201,N/A
SELE,0,169733577,-,1,0.0,0.0,1,ENST00000609271,SELE-207,N/A
SELE,1,169731491,-,1,0.0,0.0,1,ENST00000461085,SELE-206,N/A
SELE,2,169725729,-,1,18.0,18.0,1,ENST00000367774,SELE-202,N/A
SELE,3,169722640,-,1,3106.25,3106.25,4,ENST00000333360;ENST00000367775;ENST00000367776;ENST00000367777,SELE-201;SELE-203;SELE-204;SELE-205,N/A
SELP,0,169603026,-,1,0.0,0.0,1,ENST00000367795,SELP-204,N/A
SELP,1,169590147,-,1,4.0,4.0,2,ENST00000367788;ENST00000458599,SELP-203;SELP-206,N/A
SELP,2,169589514,-,1,637.0,637.0,1,ENST00000367786,SELP-202,N/A
SELP,3,169589077,-,1,0.0,0.0,1,ENST00000466167,SELP-207,N/A
SELP,4,169588850,-,1,1300.95,1300.95,21,ENST00000263686;ENST00000426706;ENST00000909601;ENST00000909603;ENST00000909604;ENST00000909605;ENST00000909606;ENST00000909607;ENST00000909608;ENST00000909610;ENST00000958021;ENST00000958023;ENST00000958024;ENST00000909609;ENST00000958022;ENST00000958025;ENST00000909602;ENST00000958026;ENST00000958027;ENST00000958029;ENST00000958028,SELP-201;SELP-205;SELP-212;SELP-214;SELP-215;SELP-216;SELP-217;SELP-218;SELP-219;SELP-221;SELP-222;SELP-224;SELP-225;SELP-220;SELP-223;SELP-226;SELP-213;SELP-227;SELP-228;SELP-230;SELP-229,N/A
SELP,5,169588425,-,1,1725.5,1725.5,4,ENST00000909597;ENST00000909599;ENST00000909600;ENST00000909598,SELP-208;SELP-210;SELP-211;SELP-209,N/A
SELPLG,0,108622688,-,12,384.0,384.0,1,ENST00000388962,SELPLG-202,N/A
SELPLG,1,108622275,-,12,796.33,796.33,3,ENST00000884614;ENST00000942795;ENST00000884615,SELPLG-204;SELPLG-206;SELPLG-205,N/A
SELPLG,2,108621895,-,12,1177.0,1177.0,1,ENST00000550948,SELPLG-203,N/A
SELPLG,3,108620413,-,12,2659.0,2659.0,1,ENST00000228463,SELPLG-201,N/A
ITGA1,0,52825210,+,5,0.0,0.0,1,ENST00000504086,ITGA1-202,N/A
ITGA1,1,52867218,+,5,0.0,0.0,1,ENST00000514262,ITGA1-207,N/A
ITGA1,2,52882927,+,5,0.0,0.0,1,ENST00000509049,ITGA1-205,N/A
ITGA1,3,52887891,+,5,0.0,0.0,1,ENST00000513737,ITGA1-206,N/A
ITGA1,4,52952512,+,5,0.0,0.0,1,ENST00000504669,ITGA1-203,N/A
ITGA1,5,52956487,+,5,68607.0,68607.0,2,ENST00000650673;ENST00000506275,ITGA1-208;ITGA1-204,N/A
ITGA1,6,52959209,+,5,6761.0,6761.0,1,ENST00000282588,ITGA1-201,N/A
ITGA2,0,53090653,+,5,24894.25,24894.25,4,ENST00000513685;ENST00000509814;ENST00000509960;ENST00000510722,ITGA2-206;ITGA2-203;ITGA2-204;ITGA2-205,N/A
ITGA2,1,53090834,+,5,39401.0,39401.0,1,ENST00000503810,ITGA2-202,N/A
ITGA2,2,53092640,+,5,2044.0,2044.0,1,ENST00000860895,ITGA2-207,N/A
ITGA2,3,53094779,+,5,4183.0,4183.0,1,ENST00000296585,ITGA2-201,N/A
ITGA3,0,50064789,+,17,0.0,0.0,1,ENST00000508100,ITGA3-211,N/A
ITGA3,1,50066032,+,17,0.0,0.0,1,ENST00000570989,ITGA3-216,N/A
ITGA3,2,50074211,+,17,0.0,0.0,1,ENST00000505552,ITGA3-205,N/A
ITGA3,3,50074514,+,17,0.0,0.0,1,ENST00000512553,ITGA3-213,N/A
ITGA3,4,50075700,+,17,1419.0,1419.0,1,ENST00000510809,ITGA3-212,N/A
ITGA3,5,50076733,+,17,0.0,0.0,1,ENST00000505612,ITGA3-206,N/A
ITGA3,6,50076995,+,17,6140.0,6140.0,1,ENST00000506401,ITGA3-207,N/A
ITGA3,7,50079016,+,17,0.0,0.0,1,ENST00000507771,ITGA3-210,N/A
ITGA3,8,50079483,+,17,0.0,0.0,1,ENST00000515147,ITGA3-215,N/A
ITGA3,9,50081380,+,17,257.0,257.0,1,ENST00000504417,ITGA3-203,N/A
ITGA3,10,50089729,+,17,467.0,467.0,1,ENST00000007722,ITGA3-201,N/A
ITGA3,11,50089815,+,17,0.0,0.0,1,ENST00000514834,ITGA3-214,N/A
ITGA3,12,50090481,+,17,1753.8,1753.8,7,ENST00000505306;ENST00000320031;ENST00000506437;ENST00000506827;ENST00000876972;ENST00000876971;ENST00000876973,ITGA3-204;ITGA3-202;ITGA3-208;ITGA3-209;ITGA3-218;ITGA3-217;ITGA3-219,N/A
ITGA4,0,181459391,+,2,0.0,0.0,1,ENST00000476089,ITGA4-207,N/A
ITGA4,1,181475290,+,2,0.0,0.0,1,ENST00000484404,ITGA4-210,N/A
ITGA4,2,181476218,+,2,370.0,370.0,1,ENST00000339307,ITGA4-202,N/A
ITGA4,3,181479716,+,2,0.0,0.0,1,ENST00000478440,ITGA4-209,N/A
ITGA4,4,181486309,+,2,0.0,0.0,1,ENST00000465522,ITGA4-204,N/A
ITGA4,5,181495832,+,2,0.0,0.0,1,ENST00000473002,ITGA4-206,N/A
ITGA4,6,181509805,+,2,0.0,0.0,1,ENST00000233573,ITGA4-201,N/A
ITGA4,7,181511771,+,2,0.0,0.0,1,ENST00000490435,ITGA4-211,N/A
ITGA4,8,181524365,+,2,0.0,0.0,1,ENST00000468948,ITGA4-205,N/A
ITGA4,9,181527450,+,2,0.0,0.0,1,ENST00000476824,ITGA4-208,N/A
ITGA4,10,181538940,+,2,3416.0,3416.0,1,ENST00000397033,ITGA4-203,N/A
ITGA5,0,54411908,-,12,0.0,0.0,1,ENST00000547744,ITGA5-204,N/A
ITGA5,1,54405194,-,12,4079.0,4079.0,1,ENST00000553071,ITGA5-213,N/A
ITGA5,2,54404771,-,12,4502.0,4502.0,1,ENST00000435631,ITGA5-202,N/A
ITGA5,3,54403916,-,12,0.0,0.0,1,ENST00000551861,ITGA5-208,N/A
ITGA5,4,54403632,-,12,0.0,0.0,1,ENST00000550141,ITGA5-206,N/A
ITGA5,5,54402081,-,12,0.0,0.0,1,ENST00000551564,ITGA5-207,N/A
ITGA5,6,54401560,-,12,0.0,0.0,1,ENST00000552583,ITGA5-212,N/A
ITGA5,7,54397366,-,12,0.0,0.0,1,ENST00000552387,ITGA5-209,N/A
ITGA5,8,54397271,-,12,0.0,0.0,1,ENST00000552431,ITGA5-210,N/A
ITGA5,9,54396222,-,12,0.0,0.0,1,ENST00000549601,ITGA5-205,N/A
ITGA5,10,54395895,-,12,401.0,401.0,1,ENST00000547197,ITGA5-203,N/A
ITGA5,11,54395266,-,12,1028.9,1028.9,11,ENST00000293379;ENST00000552564;ENST00000945317;ENST00000945319;ENST00000945320;ENST00000945318;ENST00000854881;ENST00000945321;ENST00000945322;ENST00000854882;ENST00000854883,ITGA5-201;ITGA5-211;ITGA5-217;ITGA5-219;ITGA5-220;ITGA5-218;ITGA5-214;ITGA5-221;ITGA5-222;ITGA5-215;ITGA5-216,N/A
ITGA6,0,172474112,+,2,0.0,0.0,1,ENST00000497107,ITGA6-211,N/A
ITGA6,1,172474977,+,2,0.0,0.0,1,ENST00000412899,ITGA6-204,N/A
ITGA6,2,172489928,+,2,0.0,0.0,1,ENST00000469534,ITGA6-208,N/A
ITGA6,3,172491254,+,2,0.0,0.0,1,ENST00000470259,ITGA6-209,N/A
ITGA6,4,172501818,+,2,0.0,0.0,1,ENST00000475302,ITGA6-210,N/A
ITGA6,5,172504289,+,2,831.33,831.33,3,ENST00000458358;ENST00000874112;ENST00000416789,ITGA6-207;ITGA6-217;ITGA6-205,N/A
ITGA6,6,172504534,+,2,2658.0,2658.0,1,ENST00000409532,ITGA6-203,N/A
ITGA6,7,172506193,+,2,4317.0,4317.0,1,ENST00000874110,ITGA6-215,N/A
ITGA6,8,172506272,+,2,4396.25,4396.25,4,ENST00000264107;ENST00000874109;ENST00000874111;ENST00000953156,ITGA6-201;ITGA6-214;ITGA6-216;ITGA6-218,N/A
ITGA6,9,172506446,+,2,2791.0,2791.0,4,ENST00000715295;ENST00000409080;ENST00000442250;ENST00000684293,ITGA6-213;ITGA6-202;ITGA6-206;ITGA6-212,N/A
ITGA7,0,55702828,-,12,0.0,0.0,1,ENST00000554359,ITGA7-209,N/A
ITGA7,1,55700997,-,12,2102.0,2102.0,1,ENST00000555809,ITGA7-214,N/A
ITGA7,2,55700779,-,12,0.0,0.0,2,ENST00000553737;ENST00000556371,ITGA7-205;ITGA7-216,N/A
ITGA7,3,55700672,-,12,2427.0,2427.0,1,ENST00000554724,ITGA7-211,N/A
ITGA7,4,55699978,-,12,3121.0,3121.0,1,ENST00000555687,ITGA7-212,N/A
ITGA7,5,55698858,-,12,0.0,0.0,1,ENST00000553276,ITGA7-204,N/A
ITGA7,6,55698523,-,12,0.0,0.0,1,ENST00000554543,ITGA7-210,N/A
ITGA7,7,55697755,-,12,246.0,246.0,2,ENST00000557488;ENST00000556273,ITGA7-219;ITGA7-215,N/A
ITGA7,8,55693619,-,12,0.0,0.0,1,ENST00000689678,ITGA7-224,N/A
ITGA7,9,55685058,-,12,3.0,3.0,1,ENST00000557257,ITGA7-218,N/A
ITGA7,10,55684858,-,12,373.0,373.0,1,ENST00000557555,ITGA7-220,N/A
ITGA7,11,55684703,-,12,358.0,358.0,1,ENST00000555728,ITGA7-213,N/A
ITGA7,12,55684574,-,12,2240.12,2240.12,43,ENST00000257879;ENST00000553804;ENST00000888129;ENST00000888132;ENST00000888133;ENST00000888135;ENST00000888136;ENST00000888137;ENST00000888138;ENST00000888139;ENST00000888141;ENST00000888142;ENST00000888144;ENST00000888145;ENST00000888148;ENST00000888149;ENST00000888150;ENST00000888151;ENST00000888152;ENST00000888153;ENST00000912204;ENST00000912205;ENST00000945419;ENST00000347027;ENST00000452168;ENST00000554327;ENST00000945415;ENST00000945416;ENST00000945422;ENST00000945417;ENST00000945418;ENST00000945420;ENST00000945421;ENST00000888146;ENST00000888147;ENST00000553893;ENST00000557058;ENST00000686981;ENST00000687390;ENST00000691052;ENST00000691846;ENST00000691973;ENST00000688413,ITGA7-201;ITGA7-206;ITGA7-228;ITGA7-229;ITGA7-230;ITGA7-231;ITGA7-232;ITGA7-233;ITGA7-234;ITGA7-235;ITGA7-236;ITGA7-237;ITGA7-238;ITGA7-239;ITGA7-242;ITGA7-243;ITGA7-244;ITGA7-245;ITGA7-246;ITGA7-247;ITGA7-248;ITGA7-249;ITGA7-254;ITGA7-202;ITGA7-203;ITGA7-208;ITGA7-250;ITGA7-251;ITGA7-257;ITGA7-252;ITGA7-253;ITGA7-255;ITGA7-256;ITGA7-240;ITGA7-241;ITGA7-207;ITGA7-217;ITGA7-221;ITGA7-222;ITGA7-225;ITGA7-226;ITGA7-227;ITGA7-223,N/A
ITGA8,0,15611510,-,10,0.0,0.0,1,ENST00000468882,ITGA8-202,N/A
ITGA8,1,15596513,-,10,0.0,0.0,1,ENST00000477064,ITGA8-203,N/A
ITGA8,2,15517151,-,10,10.0,10.0,2,ENST00000882526;ENST00000967017,ITGA8-204;ITGA8-205,N/A
ITGA8,3,15513954,-,10,3207.0,3207.0,1,ENST00000378076,ITGA8-201,N/A
ITGA9,0,37629519,+,3,126.0,126.0,1,ENST00000422441,ITGA9-203,N/A
ITGA9,1,37732999,+,3,0.0,0.0,1,ENST00000461533,ITGA9-204,N/A
ITGA9,2,37819322,+,3,336.67,336.67,3,ENST00000921364;ENST00000944260;ENST00000944261,ITGA9-206;ITGA9-211;ITGA9-212,N/A
ITGA9,3,37819386,+,3,400.0,400.0,2,ENST00000944259;ENST00000411817,ITGA9-210;ITGA9-202,N/A
ITGA9,4,37820090,+,3,1104.0,1104.0,1,ENST00000944258,ITGA9-209,N/A
ITGA9,5,37823505,+,3,4519.5,4519.5,4,ENST00000944257;ENST00000264741;ENST00000921363;ENST00000944256,ITGA9-208;ITGA9-201;ITGA9-205;ITGA9-207,N/A
ITGA10,0,145905758,-,1,0.0,0.0,1,ENST00000468261,ITGA10-202,N/A
ITGA10,1,145902454,-,1,0.0,0.0,1,ENST00000481236,ITGA10-203,N/A
ITGA10,2,145891755,-,1,1046.0,1046.0,1,ENST00000889441,ITGA10-207,N/A
ITGA10,3,145891208,-,1,1592.2,1592.2,5,ENST00000965598;ENST00000369304;ENST00000889439;ENST00000889440;ENST00000539363,ITGA10-208;ITGA10-201;ITGA10-205;ITGA10-206;ITGA10-204,N/A
ITGA11,0,68357145,-,15,0.0,0.0,1,ENST00000568677,ITGA11-206,N/A
ITGA11,1,68357079,-,15,0.0,0.0,1,ENST00000565868,ITGA11-204,N/A
ITGA11,2,68351256,-,15,0.0,0.0,1,ENST00000562826,ITGA11-203,N/A
ITGA11,3,68331951,-,15,0.0,0.0,1,ENST00000566429,ITGA11-205,N/A
ITGA11,4,68331078,-,15,0.0,0.0,1,ENST00000569346,ITGA11-207,N/A
ITGA11,5,68301944,-,15,1118.0,1118.0,1,ENST00000902077,ITGA11-209,N/A
ITGA11,6,68301702,-,15,1360.0,1360.0,1,ENST00000902076,ITGA11-208,N/A
ITGA11,7,68296532,-,15,6529.5,6529.5,2,ENST00000315757;ENST00000423218,ITGA11-201;ITGA11-202,N/A
ITGAD,0,31408619,+,16,0.0,0.0,1,ENST00000444228,ITGAD-202,N/A
ITGAD,1,31424715,+,16,0.0,0.0,1,ENST00000567308,ITGAD-203,N/A
ITGAD,2,31426505,+,16,380.0,380.0,1,ENST00000389202,ITGAD-201,N/A
ITGAE,0,3751870,-,17,0.0,0.0,1,ENST00000572121,ITGAE-206,N/A
ITGAE,1,3728014,-,17,0.0,0.0,1,ENST00000574026,ITGAE-209,N/A
ITGAE,2,3724318,-,17,0.0,0.0,1,ENST00000571185,ITGAE-204,N/A
ITGAE,3,3714641,-,17,220.17,220.17,11,ENST00000263087;ENST00000572179;ENST00000868855;ENST00000868856;ENST00000949199;ENST00000949198;ENST00000572433;ENST00000868857;ENST00000571937;ENST00000570415;ENST00000570360,ITGAE-201;ITGAE-207;ITGAE-210;ITGAE-211;ITGAE-214;ITGAE-213;ITGAE-208;ITGAE-212;ITGAE-205;ITGAE-203;ITGAE-202,N/A
ITGAL,0,30474607,+,16,434.0,434.0,1,ENST00000562652,ITGAL-205,N/A
ITGAL,1,30479182,+,16,1950.5,1950.5,2,ENST00000569725;ENST00000565864,ITGAL-217;ITGAL-211,N/A
ITGAL,2,30483964,+,16,2485.0,2485.0,2,ENST00000562857;ENST00000565348,ITGAL-206;ITGAL-210,N/A
ITGAL,3,30489304,+,16,0.0,0.0,1,ENST00000566149,ITGAL-212,N/A
ITGAL,4,30494856,+,16,0.0,0.0,1,ENST00000564935,ITGAL-209,N/A
ITGAL,5,30496201,+,16,0.0,0.0,1,ENST00000568012,ITGAL-214,N/A
ITGAL,6,30504219,+,16,0.0,0.0,1,ENST00000568987,ITGAL-216,N/A
ITGAL,7,30506772,+,16,0.0,0.0,1,ENST00000562020,ITGAL-204,N/A
ITGAL,8,30510404,+,16,7308.0,7308.0,2,ENST00000563615;ENST00000568926,ITGAL-207;ITGAL-215,N/A
ITGAL,9,30517070,+,16,0.0,0.0,1,ENST00000566267,ITGAL-213,N/A
ITGAL,10,30521779,+,16,117.0,117.0,1,ENST00000433423,ITGAL-203,N/A
ITGAL,11,30522243,+,16,0.0,0.0,1,ENST00000564632,ITGAL-208,N/A
ITGAL,12,30522968,+,16,1306.0,1306.0,1,ENST00000358164,ITGAL-202,N/A
ITGAL,13,30523179,+,16,10233.5,10233.5,9,ENST00000678574;ENST00000679323;ENST00000676652;ENST00000356798;ENST00000677830;ENST00000955585;ENST00000955586;ENST00000875722;ENST00000875723,ITGAL-221;ITGAL-222;ITGAL-218;ITGAL-201;ITGAL-219;ITGAL-225;ITGAL-226;ITGAL-223;ITGAL-224,N/A
ITGAL,14,30523567,+,16,48173.0,48173.0,1,ENST00000678203,ITGAL-220,N/A
ITGAM,0,31273684,+,16,0.0,0.0,1,ENST00000570242,ITGAM-207,N/A
ITGAM,1,31324439,+,16,0.0,0.0,1,ENST00000567031,ITGAM-204,N/A
ITGAM,2,31326968,+,16,0.0,0.0,1,ENST00000561838,ITGAM-202,N/A
ITGAM,3,31329905,+,16,0.0,0.0,1,ENST00000567178,ITGAM-205,N/A
ITGAM,4,31330052,+,16,0.0,0.0,1,ENST00000569746,ITGAM-206,N/A
ITGAM,5,31331536,+,16,165.0,165.0,1,ENST00000565142,ITGAM-203,N/A
ITGAM,6,31332382,+,16,678.0,678.0,1,ENST00000943361,ITGAM-212,N/A
ITGAM,7,31332879,+,16,1175.8,1175.8,5,ENST00000943360;ENST00000943359;ENST00000544665;ENST00000882543;ENST00000648685,ITGAM-211;ITGAM-210;ITGAM-201;ITGAM-209;ITGAM-208,N/A
ITGAV,0,186623669,+,2,0.0,0.0,1,ENST00000696916,ITGAV-218,N/A
ITGAV,1,186627652,+,2,0.0,0.0,1,ENST00000696915,ITGAV-217,N/A
ITGAV,2,186665307,+,2,0.0,0.0,1,ENST00000696936,ITGAV-222,N/A
ITGAV,3,186668020,+,2,0.0,0.0,1,ENST00000460641,ITGAV-205,N/A
ITGAV,4,186670420,+,2,0.0,0.0,1,ENST00000496854,ITGAV-207,N/A
ITGAV,5,186675638,+,2,0.0,0.0,1,ENST00000496477,ITGAV-206,N/A
ITGAV,6,186676283,+,2,329.0,329.0,1,ENST00000430709,ITGAV-203,N/A
ITGAV,7,186677441,+,2,152.0,152.0,1,ENST00000433736,ITGAV-204,N/A
ITGAV,8,186679962,+,2,2673.0,2673.0,1,ENST00000925193,ITGAV-227,N/A
ITGAV,9,186680894,+,2,10046.33,10046.33,18,ENST00000696910;ENST00000696911;ENST00000696918;ENST00000696919;ENST00000696906;ENST00000696907;ENST00000696908;ENST00000696909;ENST00000696912;ENST00000696913;ENST00000696914;ENST00000696917;ENST00000696937;ENST00000374907;ENST00000925192;ENST00000261023;ENST00000877363;ENST00000925191,ITGAV-212;ITGAV-213;ITGAV-220;ITGAV-221;ITGAV-208;ITGAV-209;ITGAV-210;ITGAV-211;ITGAV-214;ITGAV-215;ITGAV-216;ITGAV-219;ITGAV-223;ITGAV-202;ITGAV-226;ITGAV-201;ITGAV-224;ITGAV-225,N/A
ITGAX,0,31356278,+,16,0.0,0.0,1,ENST00000564308,ITGAX-205,N/A
ITGAX,1,31357862,+,16,0.0,0.0,1,ENST00000567409,ITGAX-206,N/A
ITGAX,2,31358455,+,16,897.0,897.0,1,ENST00000562918,ITGAX-204,N/A
ITGAX,3,31372654,+,16,0.0,0.0,1,ENST00000562138,ITGAX-202,N/A
ITGAX,4,31381948,+,16,44.0,44.0,1,ENST00000958327,ITGAX-209,N/A
ITGAX,5,31382174,+,16,270.0,270.0,1,ENST00000958326,ITGAX-208,N/A
ITGAX,6,31382937,+,16,450.0,450.0,2,ENST00000571644;ENST00000562522,ITGAX-207;ITGAX-203,N/A
ITGAX,7,31382999,+,16,1095.0,1095.0,1,ENST00000268296,ITGAX-201,N/A
ITGB1,0,32958486,-,10,0.0,0.0,1,ENST00000439974,ITGB1-207,N/A
ITGB1,1,32932521,-,10,0.0,0.0,1,ENST00000414670,ITGB1-203,N/A
ITGB1,2,32929985,-,10,0.0,0.0,1,ENST00000472147,ITGB1-209,N/A
ITGB1,3,32929908,-,10,0.0,0.0,2,ENST00000528877;ENST00000464001,ITGB1-217;ITGB1-208,N/A
ITGB1,4,32928212,-,10,0.0,0.0,1,ENST00000534049,ITGB1-218,N/A
ITGB1,5,32928150,-,10,0.0,0.0,1,ENST00000480226,ITGB1-212,N/A
ITGB1,6,32925961,-,10,0.0,0.0,1,ENST00000484088,ITGB1-213,N/A
ITGB1,7,32922778,-,10,0.0,0.0,1,ENST00000475184,ITGB1-211,N/A
ITGB1,8,32906319,-,10,2013.0,2013.0,1,ENST00000676460,ITGB1-220,N/A
ITGB1,9,32906010,-,10,1062.0,1062.0,1,ENST00000474568,ITGB1-210,N/A
ITGB1,10,32901564,-,10,3327.33,3327.33,3,ENST00000494395;ENST00000966601;ENST00000966602,ITGB1-216;ITGB1-288;ITGB1-289,N/A
ITGB1,11,32900397,-,10,1176.81,1176.81,48,ENST00000966587;ENST00000898618;ENST00000931352;ENST00000966590;ENST00000966600;ENST00000966599;ENST00000898620;ENST00000898616;ENST00000898626;ENST00000898630;ENST00000898640;ENST00000966588;ENST00000966591;ENST00000898622;ENST00000898623;ENST00000898624;ENST00000898625;ENST00000898627;ENST00000898628;ENST00000898629;ENST00000898632;ENST00000898633;ENST00000898637;ENST00000898639;ENST00000931353;ENST00000931354;ENST00000931355;ENST00000931356;ENST00000931358;ENST00000931359;ENST00000931361;ENST00000966592;ENST00000966593;ENST00000931357;ENST00000898621;ENST00000898634;ENST00000966594;ENST00000898631;ENST00000898635;ENST00000898636;ENST00000931360;ENST00000966597;ENST00000966589;ENST00000966595;ENST00000966596;ENST00000966598;ENST00000678766;ENST00000676659,ITGB1-274;ITGB1-239;ITGB1-262;ITGB1-277;ITGB1-287;ITGB1-286;ITGB1-241;ITGB1-237;ITGB1-247;ITGB1-251;ITGB1-261;ITGB1-275;ITGB1-278;ITGB1-243;ITGB1-244;ITGB1-245;ITGB1-246;ITGB1-248;ITGB1-249;ITGB1-250;ITGB1-253;ITGB1-254;ITGB1-258;ITGB1-260;ITGB1-263;ITGB1-264;ITGB1-265;ITGB1-266;ITGB1-268;ITGB1-269;ITGB1-271;ITGB1-279;ITGB1-280;ITGB1-267;ITGB1-242;ITGB1-255;ITGB1-281;ITGB1-252;ITGB1-256;ITGB1-257;ITGB1-270;ITGB1-284;ITGB1-276;ITGB1-282;ITGB1-283;ITGB1-285;ITGB1-232;ITGB1-222,N/A
ITGB1,12,32900326,-,10,4653.83,4653.83,24,ENST00000677363;ENST00000302278;ENST00000423113;ENST00000396033;ENST00000966585;ENST00000898619;ENST00000898617;ENST00000898638;ENST00000966586;ENST00000417122;ENST00000437302;ENST00000488427;ENST00000488494;ENST00000676623;ENST00000676895;ENST00000676964;ENST00000677999;ENST00000678120;ENST00000678479;ENST00000678591;ENST00000678701;ENST00000678943;ENST00000678952;ENST00000679187,ITGB1-226;ITGB1-201;ITGB1-205;ITGB1-202;ITGB1-272;ITGB1-240;ITGB1-238;ITGB1-259;ITGB1-273;ITGB1-204;ITGB1-206;ITGB1-214;ITGB1-215;ITGB1-221;ITGB1-223;ITGB1-224;ITGB1-227;ITGB1-228;ITGB1-229;ITGB1-230;ITGB1-231;ITGB1-233;ITGB1-234;ITGB1-236,N/A
ITGB1,13,32897326,-,10,4282.0,4282.0,1,ENST00000677310,ITGB1-225,N/A
ITGB1,14,32887332,-,10,14241.0,14241.0,1,ENST00000678989,ITGB1-235,N/A
ITGB1,15,32887273,-,10,1682.0,1682.0,1,ENST00000609742,ITGB1-219,N/A
ITGB2,0,44910302,-,21,0.0,0.0,2,ENST00000521995;ENST00000518033,ITGB2-218;ITGB2-215,N/A
ITGB2,1,44909320,-,21,0.0,0.0,1,ENST00000523126,ITGB2-221,N/A
ITGB2,2,44907987,-,21,19.0,19.0,2,ENST00000397846;ENST00000479849,ITGB2-204;ITGB2-211,N/A
ITGB2,3,44907032,-,21,0.0,0.0,1,ENST00000517819,ITGB2-214,N/A
ITGB2,4,44906925,-,21,0.0,0.0,1,ENST00000524251,ITGB2-224,N/A
ITGB2,5,44903508,-,21,1186.0,1186.0,3,ENST00000517563;ENST00000522688;ENST00000520389,ITGB2-213;ITGB2-219;ITGB2-216,N/A
ITGB2,6,44903374,-,21,0.0,0.0,2,ENST00000523663;ENST00000522931,ITGB2-223;ITGB2-220,N/A
ITGB2,7,44901551,-,21,0.0,0.0,1,ENST00000521987,ITGB2-217,N/A
ITGB2,8,44899067,-,21,0.0,0.0,1,ENST00000320216,ITGB2-202,N/A
ITGB2,9,44886333,-,21,0.0,0.0,1,ENST00000479202,ITGB2-210,N/A
ITGB2,10,44886050,-,21,321.0,321.0,1,ENST00000909412,ITGB2-228,N/A
ITGB2,11,44885955,-,21,1401.05,1401.05,24,ENST00000909411;ENST00000909417;ENST00000355153;ENST00000397850;ENST00000397852;ENST00000397854;ENST00000397857;ENST00000475170;ENST00000498666;ENST00000652462;ENST00000909413;ENST00000909421;ENST00000961803;ENST00000523323;ENST00000909416;ENST00000909418;ENST00000909420;ENST00000909419;ENST00000961802;ENST00000961804;ENST00000302347;ENST00000696946;ENST00000909414;ENST00000909415,ITGB2-227;ITGB2-233;ITGB2-203;ITGB2-205;ITGB2-206;ITGB2-207;ITGB2-208;ITGB2-209;ITGB2-212;ITGB2-225;ITGB2-229;ITGB2-237;ITGB2-239;ITGB2-222;ITGB2-232;ITGB2-234;ITGB2-236;ITGB2-235;ITGB2-238;ITGB2-240;ITGB2-201;ITGB2-226;ITGB2-230;ITGB2-231,N/A
ITGB3,0,47291487,+,17,330.0,330.0,1,ENST00000571680,ITGB3-202,N/A
ITGB3,1,47292171,+,17,1014.0,1014.0,1,ENST00000573377,ITGB3-203,N/A
ITGB3,2,47308126,+,17,450.0,450.0,1,ENST00000696963,ITGB3-204,N/A
ITGB3,3,47313743,+,17,3542.0,3542.0,1,ENST00000559488,ITGB3-201,N/A
ITGB4,0,75739905,+,17,0.0,0.0,1,ENST00000584374,ITGB4-211,N/A
ITGB4,1,75741105,+,17,0.0,0.0,1,ENST00000580542,ITGB4-207,N/A
ITGB4,2,75742657,+,17,0.0,0.0,1,ENST00000584558,ITGB4-212,N/A
ITGB4,3,75749045,+,17,0.0,0.0,1,ENST00000584025,ITGB4-210,N/A
ITGB4,4,75755793,+,17,0.0,0.0,2,ENST00000579211;ENST00000583327,ITGB4-205;ITGB4-209,N/A
ITGB4,5,75757002,+,17,0.0,0.0,1,ENST00000584939,ITGB4-213,N/A
ITGB4,6,75757604,+,17,52.0,52.0,1,ENST00000579662,ITGB4-206,N/A
ITGB4,7,75757817,+,17,267.84,267.84,32,ENST00000948790;ENST00000864031;ENST00000864039;ENST00000948789;ENST00000450894;ENST00000948787;ENST00000864026;ENST00000864041;ENST00000948786;ENST00000948793;ENST00000864040;ENST00000948788;ENST00000948794;ENST00000200181;ENST00000449880;ENST00000578318;ENST00000582629;ENST00000864029;ENST00000864030;ENST00000864032;ENST00000864034;ENST00000864037;ENST00000864038;ENST00000939590;ENST00000948792;ENST00000864033;ENST00000864035;ENST00000864036;ENST00000948785;ENST00000948791;ENST00000864027;ENST00000864028,ITGB4-236;ITGB4-219;ITGB4-227;ITGB4-235;ITGB4-203;ITGB4-233;ITGB4-214;ITGB4-229;ITGB4-232;ITGB4-239;ITGB4-228;ITGB4-234;ITGB4-240;ITGB4-201;ITGB4-202;ITGB4-204;ITGB4-208;ITGB4-217;ITGB4-218;ITGB4-220;ITGB4-222;ITGB4-225;ITGB4-226;ITGB4-230;ITGB4-238;ITGB4-221;ITGB4-223;ITGB4-224;ITGB4-231;ITGB4-237;ITGB4-215;ITGB4-216,N/A
ITGB5,0,124894452,-,3,0.0,0.0,1,ENST00000608945,ITGB5-213,N/A
ITGB5,1,124848419,-,3,0.0,0.0,1,ENST00000608107,ITGB5-211,N/A
ITGB5,2,124848359,-,3,0.0,0.0,1,ENST00000483168,ITGB5-208,N/A
ITGB5,3,124841421,-,3,0.0,0.0,1,ENST00000608657,ITGB5-212,N/A
ITGB5,4,124821331,-,3,27227.0,27227.0,1,ENST00000465464,ITGB5-204,N/A
ITGB5,5,124817621,-,3,0.0,0.0,1,ENST00000476988,ITGB5-206,N/A
ITGB5,6,124796591,-,3,0.0,0.0,1,ENST00000496703,ITGB5-210,N/A
ITGB5,7,124796540,-,3,0.0,0.0,1,ENST00000474838,ITGB5-205,N/A
ITGB5,8,124773819,-,3,0.0,0.0,1,ENST00000488466,ITGB5-209,N/A
ITGB5,9,124766230,-,3,0.0,0.0,1,ENST00000481591,ITGB5-207,N/A
ITGB5,10,124764457,-,3,0.0,0.0,1,ENST00000461306,ITGB5-203,N/A
ITGB5,11,124763165,-,3,461.0,461.0,4,ENST00000965615;ENST00000965616;ENST00000965617;ENST00000935910,ITGB5-235;ITGB5-236;ITGB5-237;ITGB5-231,N/A
ITGB5,12,124762952,-,3,673.44,673.44,17,ENST00000460797;ENST00000935898;ENST00000935899;ENST00000935900;ENST00000935904;ENST00000935905;ENST00000935909;ENST00000935902;ENST00000935903;ENST00000965613;ENST00000935907;ENST00000965612;ENST00000965614;ENST00000935901;ENST00000935906;ENST00000905026;ENST00000935908,ITGB5-202;ITGB5-219;ITGB5-220;ITGB5-221;ITGB5-225;ITGB5-226;ITGB5-230;ITGB5-223;ITGB5-224;ITGB5-233;ITGB5-228;ITGB5-232;ITGB5-234;ITGB5-222;ITGB5-227;ITGB5-215;ITGB5-229,N/A
ITGB5,13,124761950,-,3,1675.6,1675.6,5,ENST00000296181;ENST00000935895;ENST00000935896;ENST00000905025;ENST00000935897,ITGB5-201;ITGB5-216;ITGB5-217;ITGB5-214;ITGB5-218,N/A
ITGB6,0,160200773,-,2,0.0,0.0,1,ENST00000498478,ITGB6-208,N/A
ITGB6,1,160171470,-,2,0.0,0.0,1,ENST00000652612,ITGB6-210,N/A
ITGB6,2,160141981,-,2,37036.0,37036.0,1,ENST00000485635,ITGB6-207,N/A
ITGB6,3,160101736,-,2,3.0,3.0,1,ENST00000409872,ITGB6-203,N/A
ITGB6,4,160101660,-,2,78.5,78.5,2,ENST00000428609;ENST00000409967,ITGB6-205;ITGB6-204,N/A
ITGB6,5,160101565,-,2,0.0,0.0,1,ENST00000475438,ITGB6-206,N/A
ITGB6,6,160101191,-,2,548.0,548.0,1,ENST00000958494,ITGB6-219,N/A
ITGB6,7,160100277,-,2,1462.0,1462.0,1,ENST00000958493,ITGB6-218,N/A
ITGB6,8,160099672,-,2,11450.2,11450.2,10,ENST00000873501;ENST00000620391;ENST00000283249;ENST00000409583;ENST00000958490;ENST00000873502;ENST00000958491;ENST00000958489;ENST00000873503;ENST00000958492,ITGB6-211;ITGB6-209;ITGB6-201;ITGB6-202;ITGB6-215;ITGB6-212;ITGB6-216;ITGB6-214;ITGB6-213;ITGB6-217,N/A
ITGB7,0,53197879,-,12,0.0,0.0,2,ENST00000552935;ENST00000549086,ITGB7-212;ITGB7-206,N/A
ITGB7,1,53197591,-,12,0.0,0.0,1,ENST00000552972,ITGB7-213,N/A
ITGB7,2,53196594,-,12,0.0,0.0,1,ENST00000549462,ITGB7-208,N/A
ITGB7,3,53196332,-,12,0.0,0.0,1,ENST00000589179,ITGB7-214,N/A
ITGB7,4,53196101,-,12,0.0,0.0,1,ENST00000549196,ITGB7-207,N/A
ITGB7,5,53195654,-,12,0.0,0.0,1,ENST00000551887,ITGB7-211,N/A
ITGB7,6,53193677,-,12,0.0,0.0,1,ENST00000548269,ITGB7-204,N/A
ITGB7,7,53192968,-,12,0.0,0.0,1,ENST00000548706,ITGB7-205,N/A
ITGB7,8,53191557,-,12,877.0,877.0,1,ENST00000542497,ITGB7-203,N/A
ITGB7,9,53191327,-,12,246.2,246.2,10,ENST00000851177;ENST00000851175;ENST00000851176;ENST00000267082;ENST00000422257;ENST00000551319;ENST00000851178;ENST00000851179;ENST00000961741;ENST00000550743,ITGB7-217;ITGB7-215;ITGB7-216;ITGB7-201;ITGB7-202;ITGB7-210;ITGB7-218;ITGB7-219;ITGB7-220;ITGB7-209,N/A
ITGB8,0,20353357,+,7,0.0,0.0,1,ENST00000460204,ITGB8-202,N/A
ITGB8,1,20382081,+,7,0.0,0.0,1,ENST00000477859,ITGB8-203,N/A
ITGB8,2,20399062,+,7,0.0,0.0,1,ENST00000478974,ITGB8-204,N/A
ITGB8,3,20410002,+,7,8.0,8.0,1,ENST00000897609,ITGB8-211,N/A
ITGB8,4,20410330,+,7,336.0,336.0,1,ENST00000537992,ITGB8-205,N/A
ITGB8,5,20411087,+,7,1093.0,1093.0,4,ENST00000897605;ENST00000897606;ENST00000897607;ENST00000897608,ITGB8-207;ITGB8-208;ITGB8-209;ITGB8-210,N/A
ITGB8,6,20412060,+,7,2066.0,2066.0,1,ENST00000897604,ITGB8-206,N/A
ITGB8,7,20415754,+,7,5760.0,5760.0,1,ENST00000222573,ITGB8-201,N/A
VCAM1,0,100738613,+,1,333.0,333.0,1,ENST00000370119,VCAM1-204,N/A
VCAM1,1,100739039,+,1,2924.43,2924.43,8,ENST00000650339;ENST00000949396;ENST00000370115;ENST00000603679;ENST00000855907;ENST00000949395;ENST00000294728;ENST00000347652,VCAM1-206;VCAM1-209;VCAM1-203;VCAM1-205;VCAM1-207;VCAM1-208;VCAM1-201;VCAM1-202,N/A
PECAM1,0,64377574,-,17,0.0,0.0,1,ENST00000569530,PECAM1-208,N/A
PECAM1,1,64375338,-,17,0.0,0.0,1,ENST00000569967,PECAM1-209,N/A
PECAM1,2,64375183,-,17,0.0,0.0,3,ENST00000563523;ENST00000561739;ENST00000566616,PECAM1-202;PECAM1-201;PECAM1-206,N/A
PECAM1,3,64375051,-,17,0.0,0.0,1,ENST00000564866,PECAM1-204,N/A
PECAM1,4,64363348,-,17,0.0,0.0,1,ENST00000566422,PECAM1-205,N/A
PECAM1,5,64363286,-,17,0.0,0.0,1,ENST00000568702,PECAM1-207,N/A
PECAM1,6,64323602,-,17,217.0,217.0,1,ENST00000904892,PECAM1-229,N/A
PECAM1,7,64323459,-,17,359.33,359.33,3,ENST00000951553;ENST00000951551;ENST00000951552,PECAM1-242;PECAM1-240;PECAM1-241,N/A
PECAM1,8,64323055,-,17,763.14,763.14,7,ENST00000904891;ENST00000904874;ENST00000904873;ENST00000951550;ENST00000904890;ENST00000951548;ENST00000951549,PECAM1-228;PECAM1-211;PECAM1-210;PECAM1-239;PECAM1-227;PECAM1-237;PECAM1-238,N/A
PECAM1,9,64322972,-,17,847.0,847.0,1,ENST00000904889,PECAM1-226,N/A
PECAM1,10,64322504,-,17,1314.71,1314.71,21,ENST00000904878;ENST00000904875;ENST00000904877;ENST00000904879;ENST00000904880;ENST00000904881;ENST00000904882;ENST00000904883;ENST00000904884;ENST00000904885;ENST00000904886;ENST00000951541;ENST00000951543;ENST00000951544;ENST00000904876;ENST00000904888;ENST00000951542;ENST00000951546;ENST00000951547;ENST00000951545;ENST00000904887,PECAM1-215;PECAM1-212;PECAM1-214;PECAM1-216;PECAM1-217;PECAM1-218;PECAM1-219;PECAM1-220;PECAM1-221;PECAM1-222;PECAM1-223;PECAM1-230;PECAM1-232;PECAM1-233;PECAM1-213;PECAM1-225;PECAM1-231;PECAM1-235;PECAM1-236;PECAM1-234;PECAM1-224,N/A
PECAM1,11,64319415,-,17,4404.0,4404.0,1,ENST00000563924,PECAM1-203,N/A
CDH1,0,68808747,+,16,0.0,0.0,1,ENST00000564745,CDH1-207,N/A
CDH1,1,68808848,+,16,0.0,0.0,1,ENST00000564676,CDH1-206,N/A
CDH1,2,68809003,+,16,0.0,0.0,1,ENST00000567320,CDH1-211,N/A
CDH1,3,68812240,+,16,548.0,548.0,1,ENST00000561751,CDH1-203,N/A
CDH1,4,68813413,+,16,0.0,0.0,1,ENST00000565810,CDH1-208,N/A
CDH1,5,68833548,+,16,9025.5,9025.5,4,ENST00000422392;ENST00000566510;ENST00000562836;ENST00000562118,CDH1-202;CDH1-209;CDH1-205;CDH1-204,N/A
CDH1,6,68835030,+,16,12984.0,12984.0,1,ENST00000566612,CDH1-210,N/A
CDH1,7,68835538,+,16,2042.67,2042.67,3,ENST00000261769;ENST00000931199;ENST00000884375,CDH1-201;CDH1-213;CDH1-212,N/A
CDH5,0,66379389,+,16,0.0,0.0,1,ENST00000568023,CDH5-206,N/A
CDH5,1,66386827,+,16,0.0,0.0,1,ENST00000568155,CDH5-207,N/A
CDH5,2,66386992,+,16,0.0,0.0,1,ENST00000562048,CDH5-203,N/A
CDH5,3,66392985,+,16,601.0,601.0,1,ENST00000563425,CDH5-204,N/A
CDH5,4,66403335,+,16,169.0,169.0,1,ENST00000539168,CDH5-202,N/A
CDH5,5,66403408,+,16,12913.0,12913.0,1,ENST00000565334,CDH5-205,N/A
CDH5,6,66404779,+,16,1613.25,1613.25,4,ENST00000649567;ENST00000894864;ENST00000341529;ENST00000894863,CDH5-208;CDH5-210;CDH5-201;CDH5-209,N/A
VEGFA,0,43777825,+,6,0.0,0.0,1,ENST00000512683,VEGFA-216,N/A
VEGFA,1,43778764,+,6,0.0,0.0,1,ENST00000476772,VEGFA-211,N/A
VEGFA,2,43778937,+,6,0.0,0.0,1,ENST00000518538,VEGFA-217,N/A
VEGFA,3,43784586,+,6,20.75,20.75,13,ENST00000324450;ENST00000417285;ENST00000457104;ENST00000518689;ENST00000519767;ENST00000520265;ENST00000523125;ENST00000493786;ENST00000413642;ENST00000372055;ENST00000523873;ENST00000482630;ENST00000518824,VEGFA-202;VEGFA-208;VEGFA-210;VEGFA-218;VEGFA-220;VEGFA-221;VEGFA-223;VEGFA-214;VEGFA-207;VEGFA-203;VEGFA-224;VEGFA-213;VEGFA-219,N/A
VEGFA,4,43784928,+,6,369.67,369.67,3,ENST00000523950;ENST00000230480;ENST00000520948,VEGFA-225;VEGFA-201;VEGFA-222,N/A
VEGFA,5,43786479,+,6,1914.8,1914.8,7,ENST00000497139;ENST00000480614;ENST00000372064;ENST00000372067;ENST00000372077;ENST00000425836;ENST00000672860,VEGFA-215;VEGFA-212;VEGFA-204;VEGFA-205;VEGFA-206;VEGFA-209;VEGFA-226,N/A
MYC,0,127735817,+,8,3.0,3.0,1,ENST00000641252,MYC-208,N/A
MYC,1,127736612,+,8,3.0,3.0,1,ENST00000641036,MYC-207,N/A
MYC,2,127738475,+,8,0.0,0.0,1,ENST00000520751,MYC-204,N/A
MYC,3,127738772,+,8,0.0,0.0,1,ENST00000517291,MYC-203,N/A
MYC,4,127740477,+,8,66.0,66.0,1,ENST00000259523,MYC-201,N/A
MYC,5,127741372,+,8,417.0,417.0,1,ENST00000524013,MYC-205,N/A
MYC,6,127741434,+,8,479.0,479.0,8,ENST00000377970;ENST00000651626;ENST00000652288;ENST00000707113;ENST00000707114;ENST00000707115;ENST00000707116;ENST00000707117,MYC-202;MYC-209;MYC-210;MYC-211;MYC-212;MYC-213;MYC-214;MYC-215,N/A
MYC,7,127742951,+,8,1996.0,1996.0,1,ENST00000621592,MYC-206,N/A
BCL2,0,63313802,-,18,4250.0,4250.0,1,ENST00000589955,BCL2-203,N/A
BCL2,1,63128212,-,18,416.0,416.0,1,ENST00000590515,BCL2-204,N/A
BCL2,2,63127777,-,18,153219.0,153219.0,1,ENST00000677227,BCL2-205,N/A
BCL2,3,63123346,-,18,77812.6,77812.6,6,ENST00000333681;ENST00000398117;ENST00000677635;ENST00000678134;ENST00000678301;ENST00000678349,BCL2-201;BCL2-202;BCL2-206;BCL2-207;BCL2-208;BCL2-209,N/A
TP53,0,7685249,-,17,0.0,0.0,1,ENST00000571370,TP53-215,N/A
TP53,1,7674526,-,17,0.0,0.0,1,ENST00000505014,TP53-210,N/A
TP53,2,7674254,-,17,0.0,0.0,1,ENST00000574684,TP53-216,N/A
TP53,3,7669550,-,17,62.0,62.0,1,ENST00000905353,TP53-234,N/A
TP53,4,7668525,-,17,1087.0,1087.0,1,ENST00000714359,TP53-231,N/A
TP53,5,7668412,-,17,2430.47,2430.47,30,ENST00000504290;ENST00000504937;ENST00000510385;ENST00000610292;ENST00000610623;ENST00000618944;ENST00000619186;ENST00000620739;ENST00000420246;ENST00000455263;ENST00000610538;ENST00000622645;ENST00000508793;ENST00000714357;ENST00000923567;ENST00000949117;ENST00000923569;ENST00000269305;ENST00000445888;ENST00000503591;ENST00000509690;ENST00000514944;ENST00000576024;ENST00000604348;ENST00000619485;ENST00000714358;ENST00000714408;ENST00000714409;ENST00000923568;ENST00000923566,TP53-208;TP53-209;TP53-213;TP53-219;TP53-221;TP53-222;TP53-223;TP53-225;TP53-204;TP53-206;TP53-220;TP53-226;TP53-211;TP53-229;TP53-236;TP53-239;TP53-238;TP53-201;TP53-205;TP53-207;TP53-212;TP53-214;TP53-217;TP53-218;TP53-224;TP53-230;TP53-232;TP53-233;TP53-237;TP53-235,N/A
TP53,6,7666086,-,17,123.0,123.0,1,ENST00000359597,TP53-202,N/A
TP53,7,7665963,-,17,224.0,224.0,1,ENST00000714356,TP53-228,N/A
TP53,8,7665416,-,17,1763.0,1763.0,1,ENST00000635293,TP53-227,N/A
TP53,9,7661779,-,17,163.0,163.0,1,ENST00000413465,TP53-203,N/A
KRAS,0,25232574,-,12,2634.5,2634.5,2,ENST00000686969;ENST00000556131,KRAS-207;KRAS-203,N/A
KRAS,1,25209673,-,12,0.0,0.0,1,ENST00000688228,KRAS-209,N/A
KRAS,2,25209174,-,12,623.33,623.33,3,ENST00000894155;ENST00000557334;ENST00000940422,KRAS-215;KRAS-204;KRAS-216,N/A
KRAS,3,25207948,-,12,20902.0,20902.0,1,ENST00000690804,KRAS-212,N/A
KRAS,4,25206933,-,12,2865.0,2865.0,1,ENST00000688940,KRAS-210,N/A
KRAS,5,25205343,-,12,4455.0,4455.0,1,ENST00000692768,KRAS-213,N/A
KRAS,6,25205253,-,12,12858.43,12858.43,7,ENST00000256078;ENST00000311936;ENST00000690406;ENST00000686877;ENST00000685328;ENST00000693229;ENST00000687356,KRAS-201;KRAS-202;KRAS-211;KRAS-206;KRAS-205;KRAS-214;KRAS-208,N/A
EGFR,0,55046004,+,7,0.0,0.0,1,ENST00000459688,EGFR-207,N/A
EGFR,1,55119401,+,7,0.0,0.0,1,ENST00000463948,EGFR-208,N/A
EGFR,2,55156951,+,7,111.0,111.0,1,ENST00000420316,EGFR-204,N/A
EGFR,3,55157014,+,7,0.0,0.0,1,ENST00000700144,EGFR-210,N/A
EGFR,4,55168635,+,7,109.0,109.0,1,ENST00000342916,EGFR-202,N/A
EGFR,5,55171037,+,7,496.0,496.0,1,ENST00000344576,EGFR-203,N/A
EGFR,6,55200802,+,7,0.0,0.0,1,ENST00000485503,EGFR-209,N/A
EGFR,7,55203076,+,7,314.0,314.0,1,ENST00000455089,EGFR-206,N/A
EGFR,8,55205899,+,7,312.4,312.4,5,ENST00000700145;ENST00000898199;ENST00000898200;ENST00000898201;ENST00000898202,EGFR-211;EGFR-214;EGFR-215;EGFR-216;EGFR-217,N/A
EGFR,9,55206016,+,7,0.0,0.0,1,ENST00000700147,EGFR-213,N/A
EGFR,10,55208067,+,7,0.0,0.0,1,ENST00000700146,EGFR-212,N/A
EGFR,11,55211536,+,7,5922.0,5922.0,1,ENST00000450046,EGFR-205,N/A
EGFR,12,55211628,+,7,6014.0,6014.0,1,ENST00000275493,EGFR-201,N/A
MET,0,116699599,+,7,0.0,0.0,1,ENST00000456159,MET-206,N/A
MET,1,116755414,+,7,0.0,0.0,1,ENST00000495962,MET-207,N/A
MET,2,116769909,+,7,46.0,46.0,1,ENST00000422097,MET-203,N/A
MET,3,116775072,+,7,0.0,0.0,1,ENST00000454623,MET-205,N/A
MET,4,116798377,+,7,7763.83,7763.83,6,ENST00000950407;ENST00000950406;ENST00000318493;ENST00000397752;ENST00000436117;ENST00000917365,MET-210;MET-209;MET-201;MET-202;MET-204;MET-208,N/A
FGFR2,0,121583302,-,10,0.0,0.0,1,ENST00000491111,FGFR2-220,N/A
FGFR2,1,121564326,-,10,127.0,127.0,5,ENST00000491475;ENST00000611527;ENST00000613324;ENST00000636922;ENST00000683035,FGFR2-221;FGFR2-223;FGFR2-225;FGFR2-226;FGFR2-234,N/A
FGFR2,2,121537966,-,10,431.0,431.0,1,ENST00000359354,FGFR2-207,N/A
FGFR2,3,121517334,-,10,0.0,0.0,1,ENST00000490349,FGFR2-219,N/A
FGFR2,4,121517212,-,10,0.0,0.0,2,ENST00000682400;ENST00000683678,FGFR2-229;FGFR2-238,N/A
FGFR2,5,121515227,-,10,0.0,0.0,1,ENST00000463870,FGFR2-216,N/A
FGFR2,6,121483708,-,10,0.0,0.0,2,ENST00000369058;ENST00000336553,FGFR2-210;FGFR2-201,N/A
FGFR2,7,121482104,-,10,0.0,0.0,1,ENST00000683885,FGFR2-239,N/A
FGFR2,8,121481845,-,10,329.5,329.5,2,ENST00000360144;ENST00000369056,FGFR2-208;FGFR2-209,N/A
FGFR2,9,121479856,-,10,14.0,14.0,2,ENST00000429361;ENST00000346997,FGFR2-214;FGFR2-202,N/A
FGFR2,10,121479785,-,10,0.0,0.0,1,ENST00000467584,FGFR2-217,N/A
FGFR2,11,121479619,-,10,241.0,241.0,1,ENST00000369059,FGFR2-211,N/A
FGFR2,12,121479222,-,10,19434.0,19434.0,2,ENST00000369060;ENST00000604236,FGFR2-212;FGFR2-222,N/A
FGFR2,13,121479072,-,10,788.0,788.0,1,ENST00000356226,FGFR2-204,N/A
FGFR2,14,121478345,-,10,3114.93,3114.93,20,ENST00000358487;ENST00000457416;ENST00000357555;ENST00000369061;ENST00000613048;ENST00000937093;ENST00000937092;ENST00000351936;ENST00000638709;ENST00000682296;ENST00000682550;ENST00000682772;ENST00000682904;ENST00000683211;ENST00000683418;ENST00000684516;ENST00000683029;ENST00000683250;ENST00000478859;ENST00000684153,FGFR2-206;FGFR2-215;FGFR2-205;FGFR2-213;FGFR2-224;FGFR2-243;FGFR2-242;FGFR2-203;FGFR2-227;FGFR2-228;FGFR2-230;FGFR2-231;FGFR2-232;FGFR2-235;FGFR2-237;FGFR2-241;FGFR2-233;FGFR2-236;FGFR2-218;FGFR2-240,N/A
PDCD1,0,241850697,-,2,2162.0,2162.0,1,ENST00000418831,PDCD1-203,N/A
PDCD1,1,241849884,-,2,1345.33,1345.33,6,ENST00000334409;ENST00000343705;ENST00000718473;ENST00000718474;ENST00000890793;ENST00000944235,PDCD1-201;PDCD1-202;PDCD1-204;PDCD1-205;PDCD1-206;PDCD1-207,N/A
CTLA4,0,203872814,+,2,21.5,21.5,3,ENST00000295854;ENST00000487393;ENST00000650075,CTLA4-201;CTLA4-203;CTLA4-205,N/A
CTLA4,1,203873090,+,2,0.0,0.0,1,ENST00000427473,CTLA4-202,N/A
CTLA4,2,203873196,+,2,387.0,387.0,1,ENST00000696049,CTLA4-206,N/A
CTLA4,3,203873965,+,2,1156.0,1156.0,2,ENST00000648405;ENST00000696479,CTLA4-204;CTLA4-207,N/A
LAG3,0,6775733,+,12,162.0,162.0,1,ENST00000441671,LAG3-202,N/A
LAG3,1,6778454,+,12,67.5,67.5,6,ENST00000887798;ENST00000203629;ENST00000538079;ENST00000541049;ENST00000851036;ENST00000887797,LAG3-207;LAG3-201;LAG3-203;LAG3-204;LAG3-205;LAG3-206,N/A
TIGIT,0,114296020,+,3,0.0,0.0,1,ENST00000485814,TIGIT-205,N/A
TIGIT,1,114307958,+,3,0.0,0.0,2,ENST00000484319;ENST00000461158,TIGIT-204;TIGIT-202,N/A
TIGIT,2,114308051,+,3,0.0,0.0,1,ENST00000496848,TIGIT-207,N/A
TIGIT,3,114308290,+,3,162.0,162.0,1,ENST00000481065,TIGIT-203,N/A
TIGIT,4,114310283,+,3,2155.8,2155.8,5,ENST00000891104;ENST00000891103;ENST00000383671;ENST00000486257;ENST00000891102,TIGIT-210;TIGIT-209;TIGIT-201;TIGIT-206;TIGIT-208,N/A
HAVCR2,0,157106120,-,5,0.0,0.0,1,ENST00000522902,HAVCR2-205,N/A
HAVCR2,1,157095450,-,5,0.0,0.0,1,ENST00000521665,HAVCR2-203,N/A
HAVCR2,2,157094686,-,5,0.0,0.0,1,ENST00000696898,HAVCR2-208,N/A
HAVCR2,3,157087078,-,5,27.0,27.0,1,ENST00000524219,HAVCR2-206,N/A
HAVCR2,4,157086877,-,5,228.0,228.0,1,ENST00000853244,HAVCR2-213,N/A
HAVCR2,5,157086054,-,5,9386.0,9386.0,1,ENST00000696901,HAVCR2-211,N/A
HAVCR2,6,157085857,-,5,1271.17,1271.17,6,ENST00000307851;ENST00000517358;ENST00000696899;ENST00000522593;ENST00000696900;ENST00000696897,HAVCR2-201;HAVCR2-202;HAVCR2-209;HAVCR2-204;HAVCR2-210;HAVCR2-207,N/A
HAVCR2,7,157085422,-,5,1683.0,1683.0,1,ENST00000696902,HAVCR2-212,N/A
MUC1,0,155192202,-,1,0.0,0.0,1,ENST00000466913,MUC1-215,N/A
MUC1,1,155191863,-,1,0.0,0.0,1,ENST00000620770,MUC1-226,N/A
MUC1,2,155186708,-,1,0.0,0.0,1,ENST00000468978,MUC1-217,N/A
MUC1,3,155186123,-,1,418.4,418.4,10,ENST00000337604;ENST00000342482;ENST00000343256;ENST00000368389;ENST00000368390;ENST00000368396;ENST00000368398;ENST00000467134;ENST00000471283;ENST00000498431,MUC1-201;MUC1-203;MUC1-204;MUC1-205;MUC1-206;MUC1-209;MUC1-210;MUC1-216;MUC1-218;MUC1-220,N/A
MUC1,4,155185948,-,1,1159.83,1159.83,6,ENST00000368392;ENST00000368393;ENST00000438413;ENST00000457295;ENST00000462215;ENST00000610468,MUC1-207;MUC1-208;MUC1-211;MUC1-212;MUC1-213;MUC1-222,N/A
MUC1,5,155185826,-,1,767.29,767.29,7,ENST00000620103;ENST00000338684;ENST00000610359;ENST00000614519;ENST00000615517;ENST00000462317;ENST00000485118,MUC1-225;MUC1-202;MUC1-221;MUC1-223;MUC1-224;MUC1-214;MUC1-219,N/A
MUC4,0,195809644,-,3,0.0,0.0,1,ENST00000478685,MUC4-219,N/A
MUC4,1,195766662,-,3,0.0,0.0,1,ENST00000486425,MUC4-222,N/A
MUC4,2,195750607,-,3,0.0,0.0,1,ENST00000469992,MUC4-213,N/A
MUC4,3,195749856,-,3,0.0,0.0,1,ENST00000467235,MUC4-212,N/A
MUC4,4,195747173,-,3,0.0,0.0,1,ENST00000464234,MUC4-210,N/A
MUC4,5,195747058,-,3,18573.38,18573.38,8,ENST00000462323;ENST00000466475;ENST00000470451;ENST00000475231;ENST00000477086;ENST00000477756;ENST00000479406;ENST00000480843,MUC4-208;MUC4-211;MUC4-214;MUC4-215;MUC4-216;MUC4-217;MUC4-220;MUC4-221,N/A
MUC4,6,195746765,-,3,14007.78,14007.78,9,ENST00000308466;ENST00000339251;ENST00000346145;ENST00000349607;ENST00000392407;ENST00000415455;ENST00000448861;ENST00000478156;ENST00000463781,MUC4-201;MUC4-202;MUC4-203;MUC4-204;MUC4-205;MUC4-206;MUC4-207;MUC4-218;MUC4-209,N/A
FN1,0,215419289,-,2,0.0,0.0,1,ENST00000496542,FN1-226,N/A
FN1,1,215414661,-,2,146.0,146.0,1,ENST00000426059,FN1-208,N/A
FN1,2,215408319,-,2,0.0,0.0,1,ENST00000471193,FN1-217,N/A
FN1,3,215382159,-,2,0.0,0.0,1,ENST00000480737,FN1-221,N/A
FN1,4,215379205,-,2,0.0,0.0,1,ENST00000490833,FN1-223,N/A
FN1,5,215375633,-,2,0.0,0.0,1,ENST00000474036,FN1-219,N/A
FN1,6,215371886,-,2,0.0,0.0,2,ENST00000460217;ENST00000438981,FN1-214;FN1-210,N/A
FN1,7,215370361,-,2,0.0,0.0,2,ENST00000461974;ENST00000485567,FN1-215;FN1-222,N/A
FN1,8,215367679,-,2,0.0,0.0,1,ENST00000480024,FN1-220,N/A
FN1,9,215364667,-,2,0.0,0.0,1,ENST00000473614,FN1-218,N/A
FN1,10,215364370,-,2,0.0,0.0,1,ENST00000469569,FN1-216,N/A
FN1,11,215361341,-,2,0.0,0.0,1,ENST00000494446,FN1-225,N/A
FN1,12,215361147,-,2,411.0,411.0,1,ENST00000456923,FN1-213,N/A
FN1,13,215360863,-,2,694.07,694.07,16,ENST00000443816;ENST00000446046;ENST00000492816;ENST00000865085;ENST00000865086;ENST00000865087;ENST00000933287;ENST00000354785;ENST00000432072;ENST00000865088;ENST00000865089;ENST00000967217;ENST00000356005;ENST00000498719;ENST00000967218;ENST00000967219,FN1-211;FN1-212;FN1-224;FN1-229;FN1-230;FN1-231;FN1-234;FN1-203;FN1-209;FN1-232;FN1-233;FN1-235;FN1-204;FN1-227;FN1-236;FN1-237,N/A
FN1,14,215360450,-,2,1108.0,1108.0,6,ENST00000421182;ENST00000865084;ENST00000323926;ENST00000336916;ENST00000357867;ENST00000359671,FN1-207;FN1-228;FN1-201;FN1-202;FN1-205;FN1-206,N/A
VIM,0,17229750,+,10,0.0,0.0,1,ENST00000497849,VIM-208,N/A
VIM,1,17229870,+,10,0.0,0.0,1,ENST00000478746,VIM-204,N/A
VIM,2,17231093,+,10,0.0,0.0,1,ENST00000485947,VIM-205,N/A
VIM,3,17234124,+,10,0.0,0.0,1,ENST00000637053,VIM-210,N/A
VIM,4,17235034,+,10,0.0,0.0,1,ENST00000495528,VIM-207,N/A
VIM,5,17235085,+,10,0.0,0.0,1,ENST00000421459,VIM-202,N/A
VIM,6,17237592,+,10,618.82,618.82,11,ENST00000946787;ENST00000946784;ENST00000224237;ENST00000469543;ENST00000487938;ENST00000544301;ENST00000881961;ENST00000881962;ENST00000881963;ENST00000946785;ENST00000946786,VIM-217;VIM-214;VIM-201;VIM-203;VIM-206;VIM-209;VIM-211;VIM-212;VIM-213;VIM-215;VIM-216,N/A
S100A1,0,153630625,+,1,0.0,0.0,1,ENST00000436839,S100A1-204,N/A
S100A1,1,153631804,+,1,275.0,275.0,1,ENST00000368696,S100A1-202,N/A
S100A1,2,153632038,+,1,200.75,200.75,5,ENST00000368698;ENST00000883564;ENST00000292169;ENST00000469893;ENST00000883563,S100A1-203;S100A1-207;S100A1-201;S100A1-205;S100A1-206,N/A
S100A2,0,153561341,-,1,112.36,112.36,11,ENST00000930962;ENST00000368710;ENST00000487430;ENST00000497140;ENST00000930958;ENST00000930959;ENST00000930961;ENST00000930960;ENST00000368709;ENST00000883392;ENST00000368707,S100A2-213;S100A2-204;S100A2-205;S100A2-206;S100A2-209;S100A2-210;S100A2-212;S100A2-211;S100A2-203;S100A2-207;S100A2-201,N/A
S100A2,1,153561108,-,1,334.0,334.0,1,ENST00000368708,S100A2-202,N/A
S100A2,2,153560950,-,1,492.0,492.0,1,ENST00000930957,S100A2-208,N/A
S100A3,0,153547513,-,1,172.0,172.0,1,ENST00000368712,S100A3-201,N/A
S100A3,1,153547329,-,1,355.4,355.4,5,ENST00000368713;ENST00000873877;ENST00000969280;ENST00000873876;ENST00000929796,S100A3-202;S100A3-204;S100A3-206;S100A3-203;S100A3-205,N/A
S100A4,0,153543619,-,1,141.5,141.5,16,ENST00000354332;ENST00000368715;ENST00000468373;ENST00000481009;ENST00000854969;ENST00000854970;ENST00000854971;ENST00000942410;ENST00000368714;ENST00000368716;ENST00000854972;ENST00000854974;ENST00000942411;ENST00000854973;ENST00000942413;ENST00000942412,S100A4-201;S100A4-203;S100A4-205;S100A4-206;S100A4-207;S100A4-208;S100A4-209;S100A4-213;S100A4-202;S100A4-204;S100A4-210;S100A4-212;S100A4-214;S100A4-211;S100A4-216;S100A4-215,N/A
S100A5,0,153537149,-,1,150.0,150.0,3,ENST00000368717;ENST00000368718;ENST00000963779,S100A5-201;S100A5-202;S100A5-203,N/A
S100A6,0,153535093,-,1,0.0,0.0,1,ENST00000462951,S100A6-204,N/A
S100A6,1,153534714,-,1,0.0,0.0,1,ENST00000462776,S100A6-203,N/A
S100A6,2,153534599,-,1,99.89,99.89,18,ENST00000925442;ENST00000896468;ENST00000368719;ENST00000368720;ENST00000496817;ENST00000896466;ENST00000896467;ENST00000896469;ENST00000896470;ENST00000896474;ENST00000925440;ENST00000925441;ENST00000896471;ENST00000925443;ENST00000896472;ENST00000954696;ENST00000896473;ENST00000896475,S100A6-218;S100A6-208;S100A6-201;S100A6-202;S100A6-205;S100A6-206;S100A6-207;S100A6-209;S100A6-210;S100A6-214;S100A6-216;S100A6-217;S100A6-211;S100A6-219;S100A6-212;S100A6-220;S100A6-213;S100A6-215,N/A
S100A7,0,153457746,-,1,62.67,62.67,3,ENST00000368722;ENST00000368723;ENST00000948759,S100A7-201;S100A7-202;S100A7-203,N/A
S100A7A,0,153419362,+,1,56.5,56.5,2,ENST00000329256;ENST00000368728,S100A7A-201;S100A7A-202,N/A
S100A7A,1,153423222,+,1,3916.0,3916.0,1,ENST00000368729,S100A7A-203,N/A
S100A8,0,153390204,-,1,0.0,0.0,1,ENST00000477801,S100A8-203,N/A
S100A8,1,153390032,-,1,73.67,73.67,6,ENST00000368732;ENST00000368733;ENST00000909751;ENST00000955442;ENST00000909750;ENST00000955443,S100A8-201;S100A8-202;S100A8-205;S100A8-206;S100A8-204;S100A8-207,N/A
S100A9,0,153361025,+,1,190.8,190.8,5,ENST00000368738;ENST00000970306;ENST00000872632;ENST00000872633;ENST00000872634,S100A9-201;S100A9-205;S100A9-202;S100A9-203;S100A9-204,N/A
S100A10,0,151985158,-,1,0.0,0.0,1,ENST00000478348,S100A10-203,N/A
S100A10,1,151983232,-,1,0.0,0.0,1,ENST00000478574,S100A10-204,N/A
S100A10,2,151982914,-,1,251.75,251.75,8,ENST00000919942;ENST00000368811;ENST00000872056;ENST00000919940;ENST00000919941;ENST00000919943;ENST00000368809;ENST00000872057,S100A10-209;S100A10-202;S100A10-205;S100A10-207;S100A10-208;S100A10-210;S100A10-201;S100A10-206,N/A
S100A11,0,152032507,-,1,157.4,157.4,6,ENST00000932478;ENST00000271638;ENST00000478109;ENST00000932479;ENST00000932480;ENST00000876489,S100A11-204;S100A11-201;S100A11-202;S100A11-205;S100A11-206;S100A11-203,N/A
S100A12,0,153373711,-,1,119.0,119.0,1,ENST00000368737,S100A12-201,N/A
S100A13,0,153631661,-,1,0.0,0.0,1,ENST00000469931,S100A13-205,N/A
S100A13,1,153631438,-,1,0.0,0.0,1,ENST00000607839,S100A13-211,N/A
S100A13,2,153627508,-,1,0.0,0.0,1,ENST00000472233,S100A13-206,N/A
S100A13,3,153618801,-,1,96.85,96.85,40,ENST00000484413;ENST00000972165;ENST00000914288;ENST00000440685;ENST00000339556;ENST00000476133;ENST00000883331;ENST00000883334;ENST00000883342;ENST00000914276;ENST00000914277;ENST00000914282;ENST00000914284;ENST00000914289;ENST00000914290;ENST00000883335;ENST00000497086;ENST00000883340;ENST00000914286;ENST00000972167;ENST00000392622;ENST00000392623;ENST00000914278;ENST00000883332;ENST00000883333;ENST00000883336;ENST00000883337;ENST00000883339;ENST00000883341;ENST00000914279;ENST00000914280;ENST00000914281;ENST00000914285;ENST00000914287;ENST00000914291;ENST00000914292;ENST00000491177;ENST00000883338;ENST00000972166;ENST00000914283,S100A13-208;S100A13-242;S100A13-237;S100A13-204;S100A13-201;S100A13-207;S100A13-212;S100A13-215;S100A13-223;S100A13-225;S100A13-226;S100A13-231;S100A13-233;S100A13-238;S100A13-239;S100A13-216;S100A13-210;S100A13-221;S100A13-235;S100A13-244;S100A13-202;S100A13-203;S100A13-227;S100A13-213;S100A13-214;S100A13-217;S100A13-218;S100A13-220;S100A13-222;S100A13-228;S100A13-229;S100A13-230;S100A13-234;S100A13-236;S100A13-240;S100A13-241;S100A13-209;S100A13-219;S100A13-243;S100A13-232,N/A
S100A13,4,153618612,-,1,286.0,286.0,1,ENST00000914275,S100A13-224,N/A
S100A14,0,153614918,-,1,0.0,0.0,1,ENST00000469571,S100A14-205,N/A
S100A14,1,153614777,-,1,0.0,0.0,1,ENST00000368700,S100A14-202,N/A
S100A14,2,153614260,-,1,627.67,627.67,6,ENST00000344616;ENST00000368701;ENST00000368702;ENST00000476873;ENST00000859573;ENST00000946612,S100A14-201;S100A14-203;S100A14-204;S100A14-206;S100A14-207;S100A14-208,N/A
S100A16,0,153607471,-,1,46.0,46.0,2,ENST00000474991;ENST00000852968,S100A16-205;S100A16-214,N/A
S100A16,1,153607362,-,1,175.0,175.0,1,ENST00000368705,S100A16-203,N/A
S100A16,2,153606975,-,1,562.0,562.0,1,ENST00000368703,S100A16-201,N/A
S100A16,3,153606887,-,1,649.33,649.33,24,ENST00000852967;ENST00000852965;ENST00000368704;ENST00000368706;ENST00000852960;ENST00000852970;ENST00000852971;ENST00000852974;ENST00000852975;ENST00000852976;ENST00000913004;ENST00000913005;ENST00000913006;ENST00000852963;ENST00000852969;ENST00000852973;ENST00000970158;ENST00000852962;ENST00000852972;ENST00000852964;ENST00000852966;ENST00000970157;ENST00000852961;ENST00000970156,S100A16-213;S100A16-211;S100A16-202;S100A16-204;S100A16-206;S100A16-216;S100A16-217;S100A16-220;S100A16-221;S100A16-222;S100A16-223;S100A16-224;S100A16-225;S100A16-209;S100A16-215;S100A16-219;S100A16-228;S100A16-208;S100A16-218;S100A16-210;S100A16-212;S100A16-227;S100A16-207;S100A16-226,N/A
S100B,0,46599281,-,21,85.0,85.0,1,ENST00000397648,S100B-203,N/A
S100B,1,46599208,-,21,158.0,158.0,1,ENST00000877396,S100B-209,N/A
S100B,2,46598961,-,21,419.67,419.67,6,ENST00000963272;ENST00000367071;ENST00000877394;ENST00000877395;ENST00000928840;ENST00000963273,S100B-212;S100B-202;S100B-207;S100B-208;S100B-210;S100B-213,N/A
S100B,3,46598604,-,21,762.0,762.0,1,ENST00000291700,S100B-201,N/A
S100B,4,46598509,-,21,857.0,857.0,4,ENST00000877393;ENST00000963271;ENST00000877391;ENST00000877392,S100B-206;S100B-211;S100B-204;S100B-205,N/A
S100G,0,16654670,+,X,164.0,164.0,1,ENST00000380200,S100G-201,N/A
S100P,0,6697170,+,4,131.0,131.0,2,ENST00000296370;ENST00000513778,S100P-201;S100P-202,N/A
S100Z,0,76878219,+,5,390.0,390.0,1,ENST00000513010,S100Z-202,N/A
S100Z,1,76879044,+,5,1215.0,1215.0,1,ENST00000873723,S100Z-205,N/A
S100Z,2,76879726,+,5,1897.0,1897.0,1,ENST00000951784,S100Z-209,N/A
S100Z,3,76895092,+,5,17263.0,17263.0,1,ENST00000951783,S100Z-208,N/A
S100Z,4,76915439,+,5,37610.0,37610.0,1,ENST00000951782,S100Z-207,N/A
S100Z,5,76921026,+,5,43197.0,43197.0,1,ENST00000613039,S100Z-203,N/A
S100Z,6,76921648,+,5,43819.67,43819.67,3,ENST00000951781;ENST00000873722;ENST00000317593,S100Z-206;S100Z-204;S100Z-201,N/A
